epoch,alpha,control_log_std,attr_log_std,n_bodies,n_motors,mass,limb_len_mean,gear_mean,topo,distinct_topologies,top_topology_share,sampled_bodies_mean,pop_motors_mean,pop_motors_max,p_act1,p_act4,design_failed,eval_fall_rate,eval_goal_rate,eval_max_fwd,eval_R_mean,r_fall_return,r_fwd_return
0,1.0,-0.01047948274449637,-2.2996336925847074,12,6,0.9494467783436957,0.47277801200700986,192.37666533333334,901ec8c2e00b,1,1.0,12.0,6.0,6,1.0,1.0,0,,,,,,
1,0.999615999999017,-0.020183142523128642,-2.2990835703342194,12,6,0.9494467783436957,0.47277801200700986,192.37666533333334,901ec8c2e00b,1,1.0,12.0,6.0,6,1.0,1.0,0,,,,,,
2,0.9992319999980339,-0.030039469146260628,-2.2994109611419264,12,6,0.9494467783436957,0.47277801200700986,192.37666533333334,901ec8c2e00b,1,1.0,12.0,6.0,6,1.0,1.0,0,,,,,,
3,0.9988479999970509,-0.03938663120812076,-2.2986422462404796,12,6,0.9494467783436957,0.47277801200700986,192.37666533333334,901ec8c2e00b,1,1.0,12.0,6.0,6,1.0,1.0,0,,,,,,
4,0.9984639999960678,-0.04831710630871121,-2.2989970709681002,12,6,0.9494467783436957,0.47277801200700986,192.37666533333334,901ec8c2e00b,1,1.0,12.0,6.0,6,1.0,1.0,0,0.2,0.0,0.3118358799433756,-410.8997131164043,0.9916920238273902,-0.42953779554028865
5,0.9980799999950848,-0.05616582479408765,-2.298413439621043,12,6,0.9494467783436957,0.47277801200700986,192.37666533333334,901ec8c2e00b,1,1.0,12.0,6.0,6,1.0,1.0,0,,,,,,
6,0.9976959999941017,-0.06379319279631207,-2.296805594337208,12,6,0.9494467783436957,0.47277801200700986,192.37666533333334,901ec8c2e00b,1,1.0,12.0,6.0,6,1.0,1.0,0,,,,,,
7,0.9973119999931187,-0.07085914033116521,-2.2972134261056203,12,6,0.9494467783436957,0.47277801200700986,192.37666533333334,901ec8c2e00b,1,1.0,12.0,6.0,6,1.0,1.0,0,,,,,,
8,0.9969279999921357,-0.07858123645555407,-2.295518789212581,12,6,0.9494467783436957,0.47277801200700986,192.37666533333334,901ec8c2e00b,1,1.0,12.0,6.0,6,1.0,1.0,0,,,,,,
9,0.9965439999911526,-0.08742048279826777,-2.295694929523879,12,6,0.9494467783436957,0.47277801200700986,192.37666533333334,901ec8c2e00b,1,1.0,12.0,6.0,6,1.0,1.0,0,0.4,0.0,0.34671231309325573,-328.2142551531031,0.9848306712955619,-0.31092833369432366
10,0.9961599999901696,-0.09713995004348742,-2.2950256476942665,12,6,0.9494467783436957,0.47277801200700986,192.37666533333334,901ec8c2e00b,1,1.0,12.0,6.0,6,1.0,1.0,0,,,,,,
11,0.9957759999891865,-0.10548233082966532,-2.294471262771087,12,6,0.9494467783436957,0.47277801200700986,192.37666533333334,901ec8c2e00b,1,1.0,12.0,6.0,6,1.0,1.0,0,,,,,,
12,0.9953919999882035,-0.11460473476729888,-2.2940853322674317,12,6,0.9494467783436957,0.47277801200700986,192.37666533333334,901ec8c2e00b,1,1.0,12.0,6.0,6,1.0,1.0,0,,,,,,
13,0.9950079999872204,-0.12184514647347938,-2.2933413304078116,12,6,0.9494467783436957,0.47277801200700986,192.37666533333334,901ec8c2e00b,1,1.0,12.0,6.0,6,1.0,1.0,0,,,,,,
14,0.9946239999862374,-0.1293130149291583,-2.2932697864655043,12,6,0.9494467783436957,0.47277801200700986,192.37666533333334,901ec8c2e00b,1,1.0,12.0,6.0,6,1.0,1.0,0,0.8,0.0,0.3301520898673488,-12.762260706954507,0.9760975738488376,-0.249102488394498
15,0.9942399999852544,-0.13942563587988685,-2.2926781673925185,12,6,0.9494467783436957,0.47277801200700986,192.37666533333334,901ec8c2e00b,1,1.0,12.0,6.0,6,1.0,1.0,0,,,,,,
16,0.9938559999842713,-0.14835953378646685,-2.293089308537894,12,6,0.9494467783436957,0.47277801200700986,192.37666533333334,901ec8c2e00b,1,1.0,12.0,6.0,6,1.0,1.0,0,,,,,,
17,0.9934719999832883,-0.15600805273825458,-2.2943534620812573,12,6,0.9494467783436957,0.47277801200700986,192.37666533333334,901ec8c2e00b,1,1.0,12.0,6.0,6,1.0,1.0,0,,,,,,
18,0.9930879999823052,-0.16397788189041687,-2.293566472118298,12,6,0.9494467783436957,0.47277801200700986,192.37666533333334,901ec8c2e00b,1,1.0,12.0,6.0,6,1.0,1.0,0,,,,,,
19,0.9927039999813222,-0.17378175274503335,-2.2950771156363503,12,6,0.9494467783436957,0.47277801200700986,192.37666533333334,901ec8c2e00b,1,1.0,12.0,6.0,6,1.0,1.0,0,1.0,0.0,0.3357137866580814,60.32320631508988,0.9734417197016378,-0.2166232089350902
20,0.9923199999803392,-0.1820932628616237,-2.296636871318905,12,6,0.9494467783436957,0.47277801200700986,192.37666533333334,901ec8c2e00b,1,1.0,12.0,6.0,6,1.0,1.0,0,,,,,,
21,0.9919359999793561,-0.19091303619402084,-2.2969501597950033,12,6,0.9494467783436957,0.47277801200700986,192.37666533333334,901ec8c2e00b,1,1.0,12.0,6.0,6,1.0,1.0,0,,,,,,
22,0.9915519999783731,-0.1996585695172534,-2.2971487633852425,12,6,0.9494467783436957,0.47277801200700986,192.37666533333334,901ec8c2e00b,1,1.0,12.0,6.0,6,1.0,1.0,0,,,,,,
23,0.9911679999773901,-0.2089981972425303,-2.2967508848035525,12,6,0.9494467783436957,0.47277801200700986,192.37666533333334,901ec8c2e00b,1,1.0,12.0,6.0,6,1.0,1.0,0,,,,,,
24,0.9907839999764071,-0.2188404743143678,-2.297264862878289,12,6,0.9494467783436957,0.47277801200700986,192.37666533333334,901ec8c2e00b,1,1.0,12.0,6.0,6,1.0,1.0,0,1.0,0.0,0.43289401089282525,75.36711275542707,0.9725851963931624,-0.13649941552132516
25,0.990399999975424,-0.22910980391821534,-2.29892378865812,12,6,0.9494467783436957,0.47277801200700986,192.37666533333334,901ec8c2e00b,1,1.0,12.0,6.0,6,1.0,1.0,0,,,,,,
26,0.990015999974441,-0.23929769479213778,-2.297265317731062,12,6,0.9494467783436957,0.47277801200700986,192.37666533333334,901ec8c2e00b,1,1.0,12.0,6.0,6,1.0,1.0,0,,,,,,
27,0.989631999973458,-0.24902219487883126,-2.2984464453867726,12,6,0.9494467783436957,0.47277801200700986,192.37666533333334,901ec8c2e00b,1,1.0,12.0,6.0,6,1.0,1.0,0,,,,,,
28,0.9892479999724749,-0.2604956668162244,-2.2988044043702507,12,6,0.9494467783436957,0.47277801200700986,192.37666533333334,901ec8c2e00b,1,1.0,12.0,6.0,6,1.0,1.0,0,,,,,,
29,0.9888639999714919,-0.26993190319809646,-2.298970388324269,12,6,0.9494467783436957,0.47277801200700986,192.37666533333334,901ec8c2e00b,1,1.0,12.0,6.0,6,1.0,1.0,0,1.0,0.0,0.415444106974504,62.413981589222885,0.9720872713218771,-0.13465866884661645
30,0.9884799999705088,-0.27893793707880893,-2.2996329056172238,12,6,0.9494467783436957,0.47277801200700986,192.37666533333334,901ec8c2e00b,1,1.0,12.0,6.0,6,1.0,1.0,0,,,,,,
31,0.9880959999695258,-0.2903173885190487,-2.2985494440172127,12,6,0.9494467783436957,0.47277801200700986,192.37666533333334,901ec8c2e00b,1,1.0,12.0,6.0,6,1.0,1.0,0,,,,,,
32,0.9877119999685428,-0.30013415862592924,-2.2999925684952607,12,6,0.9494467783436957,0.47277801200700986,192.37666533333334,901ec8c2e00b,1,1.0,12.0,6.0,6,1.0,1.0,0,,,,,,
33,0.9873279999675597,-0.3103687129183525,-2.299667468379186,12,6,0.9494467783436957,0.47277801200700986,192.37666533333334,901ec8c2e00b,1,1.0,12.0,6.0,6,1.0,1.0,0,,,,,,
34,0.9869439999665767,-0.31975988229165575,-2.3002097914747477,12,6,0.9494467783436957,0.47277801200700986,192.37666533333334,901ec8c2e00b,1,1.0,12.0,6.0,6,1.0,1.0,0,1.0,0.0,0.42888724647391563,59.81445316648169,0.9206950536541209,-0.26240025256268545
35,0.9865599999655936,-0.33099306235698206,-2.3004805962545407,12,6,0.9494467783436957,0.47277801200700986,192.37666533333334,901ec8c2e00b,1,1.0,12.0,6.0,6,1.0,1.0,0,,,,,,
36,0.9861759999646106,-0.3412795500990319,-2.3009515687225366,12,6,0.9494467783436957,0.47277801200700986,192.37666533333334,901ec8c2e00b,1,1.0,12.0,6.0,6,1.0,1.0,0,,,,,,
37,0.9857919999636275,-0.35181197325731645,-2.3006877085352495,12,6,0.9494467783436957,0.47277801200700986,192.37666533333334,901ec8c2e00b,1,1.0,12.0,6.0,6,1.0,1.0,0,,,,,,
38,0.9854079999626445,-0.36310957749622513,-2.3010126787679774,12,6,0.9494467783436957,0.47277801200700986,192.37666533333334,901ec8c2e00b,1,1.0,12.0,6.0,6,1.0,1.0,0,,,,,,
39,0.9850239999616615,-0.37409634837706973,-2.301988848474624,12,6,0.9494467783436957,0.47277801200700986,192.37666533333334,901ec8c2e00b,1,1.0,12.0,6.0,6,1.0,1.0,0,1.0,0.0,0.45469278951190334,62.561055599967474,,0.7379196756407741
40,0.9846399999606784,-0.38437844547226147,-2.3014770553864885,12,6,0.9494467783436957,0.47277801200700986,192.37666533333334,901ec8c2e00b,1,1.0,12.0,6.0,6,1.0,1.0,0,,,,,,
41,0.9842559999596954,-0.39420270357612347,-2.301856225066959,12,6,0.9494467783436957,0.47277801200700986,192.37666533333334,901ec8c2e00b,1,1.0,12.0,6.0,6,1.0,1.0,0,,,,,,
42,0.9838719999587123,-0.40460359162918513,-2.300801069550702,12,6,0.9494467783436957,0.47277801200700986,192.37666533333334,901ec8c2e00b,1,1.0,12.0,6.0,6,1.0,1.0,0,,,,,,
43,0.9834879999577293,-0.41452472575773563,-2.302238873716034,12,6,0.9494467783436957,0.47277801200700986,192.37666533333334,901ec8c2e00b,1,1.0,12.0,6.0,6,1.0,1.0,0,,,,,,
44,0.9831039999567462,-0.4242228685420702,-2.300172874330378,12,6,0.9494467783436957,0.47277801200700986,192.37666533333334,901ec8c2e00b,1,1.0,12.0,6.0,6,1.0,1.0,0,1.0,0.0,0.49481955924949544,69.19945107009097,,0.746857472110714
45,0.9827199999557632,-0.43609174570587017,-2.299910912394994,12,6,0.9494467783436957,0.47277801200700986,192.37666533333334,901ec8c2e00b,1,1.0,12.0,6.0,6,1.0,1.0,0,,,,,,
46,0.9823359999547802,-0.4448846199234965,-2.3002605050774285,12,6,0.9494467783436957,0.47277801200700986,192.37666533333334,901ec8c2e00b,1,1.0,12.0,6.0,6,1.0,1.0,0,,,,,,
47,0.9819519999537971,-0.4551689951303071,-2.2996788240429384,12,6,0.9494467783436957,0.47277801200700986,192.37666533333334,901ec8c2e00b,1,1.0,12.0,6.0,6,1.0,1.0,0,,,,,,
48,0.9815679999528141,-0.46497197711942817,-2.30056622514245,12,6,0.9494467783436957,0.47277801200700986,192.37666533333334,901ec8c2e00b,1,1.0,12.0,6.0,6,1.0,1.0,0,,,,,,
49,0.981183999951831,-0.4740335102232337,-2.3007625971692334,12,6,0.9494467783436957,0.47277801200700986,192.37666533333334,901ec8c2e00b,1,1.0,12.0,6.0,6,1.0,1.0,0,1.0,0.0,0.6068592352546702,79.08317852372306,,0.9318505307043031
50,0.980799999950848,-0.484490179023332,-2.301233491685029,12,6,0.9494467783436957,0.47277801200700986,192.37666533333334,901ec8c2e00b,1,1.0,12.0,6.0,6,1.0,1.0,0,,,,,,
51,0.980415999949865,-0.49462286615235374,-2.302520081245539,12,6,0.9494467783436957,0.47277801200700986,192.37666533333334,901ec8c2e00b,1,1.0,12.0,6.0,6,1.0,1.0,0,,,,,,
52,0.9800319999488819,-0.5047870253846484,-2.3021052765789083,12,6,0.9494467783436957,0.47277801200700986,192.37666533333334,901ec8c2e00b,1,1.0,12.0,6.0,6,1.0,1.0,0,,,,,,
53,0.9796479999478989,-0.513645893620691,-2.302999506454622,12,6,0.9494467783436957,0.47277801200700986,192.37666533333334,901ec8c2e00b,1,1.0,12.0,6.0,6,1.0,1.0,0,,,,,,
54,0.9792639999469158,-0.5236388434381091,-2.3029367135883265,12,6,0.9494467783436957,0.47277801200700986,192.37666533333334,901ec8c2e00b,1,1.0,12.0,6.0,6,1.0,1.0,0,1.0,0.0,0.6608582644539875,83.58659664928507,,0.9687723423864919
55,0.9788799999459328,-0.5337905272592046,-2.302926864125005,12,6,0.9494467783436957,0.47277801200700986,192.37666533333334,901ec8c2e00b,1,1.0,12.0,6.0,6,1.0,1.0,0,,,,,,
56,0.9784959999449497,-0.5432217619500012,-2.3037252929073104,12,6,0.9494467783436957,0.47277801200700986,192.37666533333334,901ec8c2e00b,1,1.0,12.0,6.0,6,1.0,1.0,0,,,,,,
57,0.9781119999439667,-0.5513116514966082,-2.3038485136369657,12,6,0.9494467783436957,0.47277801200700986,192.37666533333334,901ec8c2e00b,1,1.0,12.0,6.0,6,1.0,1.0,0,,,,,,
58,0.9777279999429836,-0.558546215341748,-2.303992517666121,12,6,0.9494467783436957,0.47277801200700986,192.37666533333334,901ec8c2e00b,1,1.0,12.0,6.0,6,1.0,1.0,0,,,,,,
59,0.9773439999420006,-0.5674251575680188,-2.3054648985417283,12,6,0.9494467783436957,0.47277801200700986,192.37666533333334,901ec8c2e00b,1,1.0,12.0,6.0,6,1.0,1.0,0,1.0,0.0,0.7500684167517954,95.38901874973074,,0.9661035230828586
60,0.9769599999410176,-0.5761346384784993,-2.3056803582859025,12,6,0.9494467783436957,0.47277801200700986,192.37666533333334,901ec8c2e00b,1,1.0,12.0,6.0,6,1.0,1.0,0,,,,,,
61,0.9765759999400345,-0.5831118828921701,-2.304992609802898,12,6,0.9494467783436957,0.47277801200700986,192.37666533333334,901ec8c2e00b,1,1.0,12.0,6.0,6,1.0,1.0,0,,,,,,
62,0.9761919999390515,-0.5906092810645245,-2.306108200453206,12,6,0.9494467783436957,0.47277801200700986,192.37666533333334,901ec8c2e00b,1,1.0,12.0,6.0,6,1.0,1.0,0,,,,,,
63,0.9758079999380684,-0.5989838879220226,-2.306458072883929,12,6,0.9494467783436957,0.47277801200700986,192.37666533333334,901ec8c2e00b,1,1.0,12.0,6.0,6,1.0,1.0,0,,,,,,
64,0.9754239999370854,-0.607309819528569,-2.306111294998365,12,6,0.9494467783436957,0.47277801200700986,192.37666533333334,901ec8c2e00b,1,1.0,12.0,6.0,6,1.0,1.0,0,0.9,0.0,1.2595238258330128,80.46277566127203,0.800343230675084,0.07486743200219291
65,0.9750399999361024,-0.6162052284959674,-2.307076125247606,12,6,0.9494467783436957,0.47277801200700986,192.37666533333334,901ec8c2e00b,1,1.0,12.0,6.0,6,1.0,1.0,0,,,,,,
66,0.9746559999351193,-0.6233026971424778,-2.3073427682294354,12,6,0.9494467783436957,0.47277801200700986,192.37666533333334,901ec8c2e00b,1,1.0,12.0,6.0,6,1.0,1.0,0,,,,,,
67,0.9742719999341363,-0.6283326558636648,-2.308412498265557,12,6,0.9494467783436957,0.47277801200700986,192.37666533333334,901ec8c2e00b,1,1.0,12.0,6.0,6,1.0,1.0,0,,,,,,
68,0.9738879999331532,-0.6351143583652709,-2.3089141591346296,12,6,0.9494467783436957,0.47277801200700986,192.37666533333334,901ec8c2e00b,1,1.0,12.0,6.0,6,1.0,1.0,0,,,,,,
69,0.9735039999321703,-0.6443774819449574,-2.308888936942129,12,6,0.9494467783436957,0.47277801200700986,192.37666533333334,901ec8c2e00b,1,1.0,12.0,6.0,6,1.0,1.0,0,1.0,0.0,1.5530167162505333,171.2250144799424,0.7270454336472305,0.37033945348260905
70,0.9731199999311873,-0.6514425138566676,-2.309009150019817,12,6,0.9494467783436957,0.47277801200700986,192.37666533333334,901ec8c2e00b,1,1.0,12.0,6.0,6,1.0,1.0,0,,,,,,
71,0.9727359999302042,-0.6567291978831211,-2.3089616348779294,12,6,0.9494467783436957,0.47277801200700986,192.37666533333334,901ec8c2e00b,1,1.0,12.0,6.0,6,1.0,1.0,0,,,,,,
72,0.9723519999292212,-0.6626165524388032,-2.3100486143244523,12,6,0.9494467783436957,0.47277801200700986,192.37666533333334,901ec8c2e00b,1,1.0,12.0,6.0,6,1.0,1.0,0,,,,,,
73,0.9719679999282381,-0.6688004590608156,-2.3106186113871283,12,6,0.9494467783436957,0.47277801200700986,192.37666533333334,901ec8c2e00b,1,1.0,12.0,6.0,6,1.0,1.0,0,,,,,,
74,0.9715839999272551,-0.6741239556675965,-2.311820981313042,12,6,0.9494467783436957,0.47277801200700986,192.37666533333334,901ec8c2e00b,1,1.0,12.0,6.0,6,1.0,1.0,0,0.9,0.0,2.0365774191627146,170.6923721889018,0.70954488544304,0.236129241428936
75,0.971199999926272,-0.6804990786943821,-2.312046036659094,12,6,0.9494467783436957,0.47277801200700986,192.37666533333334,901ec8c2e00b,1,1.0,12.0,6.0,6,1.0,1.0,0,,,,,,
76,0.970815999925289,-0.6847802469072987,-2.312055796208786,12,6,0.9494467783436957,0.47277801200700986,192.37666533333334,901ec8c2e00b,1,1.0,12.0,6.0,6,1.0,1.0,0,,,,,,
77,0.970431999924306,-0.6913454633302647,-2.3110214611976088,12,6,0.9494467783436957,0.47277801200700986,192.37666533333334,901ec8c2e00b,1,1.0,12.0,6.0,6,1.0,1.0,0,,,,,,
78,0.9700479999233229,-0.695226177271986,-2.3118682143901386,12,6,0.9494467783436957,0.47277801200700986,192.37666533333334,901ec8c2e00b,1,1.0,12.0,6.0,6,1.0,1.0,0,,,,,,
79,0.9696639999223399,-0.7013413229421651,-2.3131543974542423,12,6,0.9494467783436957,0.47277801200700986,192.37666533333334,901ec8c2e00b,1,1.0,12.0,6.0,6,1.0,1.0,0,0.9,0.1,2.5401685882373726,347.04313796890017,-0.06863834738687645,0.5405612812806362
80,0.9692799999213568,-0.7078433848851207,-2.312875551070707,12,6,0.9494467783436957,0.47277801200700986,192.37666533333334,901ec8c2e00b,1,1.0,12.0,6.0,6,1.0,1.0,0,,,,,,
81,0.9688959999203738,-0.7136083288676751,-2.3129388972639244,12,6,0.9494467783436957,0.47277801200700986,192.37666533333334,901ec8c2e00b,1,1.0,12.0,6.0,6,1.0,1.0,0,,,,,,
82,0.9685119999193907,-0.719323371022829,-2.3149407343138733,12,6,0.9494467783436957,0.47277801200700986,192.37666533333334,901ec8c2e00b,1,1.0,12.0,6.0,6,1.0,1.0,0,,,,,,
83,0.9681279999184077,-0.725167015517513,-2.316601902981087,12,6,0.9494467783436957,0.47277801200700986,192.37666533333334,901ec8c2e00b,1,1.0,12.0,6.0,6,1.0,1.0,0,,,,,,
84,0.9677439999174247,-0.7310297315030141,-2.3166755128770022,12,6,0.9494467783436957,0.47277801200700986,192.37666533333334,901ec8c2e00b,1,1.0,12.0,6.0,6,1.0,1.0,0,0.8,0.0,2.6503654533032974,129.406199438581,0.2928272641192668,0.5448854712975078
85,0.9673599999164416,-0.7370796178535746,-2.3165836334204677,12,6,0.9494467783436957,0.47277801200700986,192.37666533333334,901ec8c2e00b,1,1.0,12.0,6.0,6,1.0,1.0,0,,,,,,
86,0.9669759999154586,-0.7439327597027836,-2.3152565834185923,12,6,0.9494467783436957,0.47277801200700986,192.37666533333334,901ec8c2e00b,1,1.0,12.0,6.0,6,1.0,1.0,0,,,,,,
87,0.9665919999144755,-0.7499090028437344,-2.3155104917399143,12,6,0.9494467783436957,0.47277801200700986,192.37666533333334,901ec8c2e00b,1,1.0,12.0,6.0,6,1.0,1.0,0,,,,,,
88,0.9662079999134925,-0.7538528087760398,-2.315053923524316,12,6,0.9494467783436957,0.47277801200700986,192.37666533333334,901ec8c2e00b,1,1.0,12.0,6.0,6,1.0,1.0,0,,,,,,
89,0.9658239999125094,-0.7598395816370456,-2.3163202309871838,12,6,0.9494467783436957,0.47277801200700986,192.37666533333334,901ec8c2e00b,1,1.0,12.0,6.0,6,1.0,1.0,0,0.8,0.0,3.3505356299062603,190.52228470610396,0.39652089028953336,0.5469955193019247
90,0.9654399999115264,-0.7661064618001437,-2.3168203759650794,12,6,0.9494467783436957,0.47277801200700986,192.37666533333334,901ec8c2e00b,1,1.0,12.0,6.0,6,1.0,1.0,0,,,,,,
91,0.9650559999105434,-0.7714487887412591,-2.317185937887469,12,6,0.9494467783436957,0.47277801200700986,192.37666533333334,901ec8c2e00b,1,1.0,12.0,6.0,6,1.0,1.0,0,,,,,,
92,0.9646719999095603,-0.7775843304319616,-2.3166399397268362,12,6,0.9494467783436957,0.47277801200700986,192.37666533333334,901ec8c2e00b,1,1.0,12.0,6.0,6,1.0,1.0,0,,,,,,
93,0.9642879999085773,-0.7842277986432412,-2.316073773413698,12,6,0.9494467783436957,0.47277801200700986,192.37666533333334,901ec8c2e00b,1,1.0,12.0,6.0,6,1.0,1.0,0,,,,,,
94,0.9639039999075942,-0.7895697150511469,-2.317486985606766,12,6,0.9494467783436957,0.47277801200700986,192.37666533333334,901ec8c2e00b,1,1.0,12.0,6.0,6,1.0,1.0,0,0.8,0.0,2.772042590220373,178.004876696451,0.527437591378163,0.5714957815260381
95,0.9635199999066112,-0.7939728673678393,-2.3180169899249807,12,6,0.9494467783436957,0.47277801200700986,192.37666533333334,901ec8c2e00b,1,1.0,12.0,6.0,6,1.0,1.0,0,,,,,,
96,0.9631359999056281,-0.7999301713541799,-2.3187438678046264,12,6,0.9494467783436957,0.47277801200700986,192.37666533333334,901ec8c2e00b,1,1.0,12.0,6.0,6,1.0,1.0,0,,,,,,
97,0.9627519999046451,-0.8049978105152875,-2.3178370421736476,12,6,0.9494467783436957,0.47277801200700986,192.37666533333334,901ec8c2e00b,1,1.0,12.0,6.0,6,1.0,1.0,0,,,,,,
98,0.9623679999036621,-0.8104700305060772,-2.3176764206264813,12,6,0.9494467783436957,0.47277801200700986,192.37666533333334,901ec8c2e00b,1,1.0,12.0,6.0,6,1.0,1.0,0,,,,,,
99,0.961983999902679,-0.8151210382623467,-2.31817419320711,12,6,0.9494467783436957,0.47277801200700986,192.37666533333334,901ec8c2e00b,1,1.0,12.0,6.0,6,1.0,1.0,0,1.0,0.0,3.437199670224524,346.05608734351154,0.5226188611816764,0.6687001573264525
100,0.961599999901696,-0.820676953627132,-2.3179694828535804,12,6,0.9494467783436957,0.47277801200700986,192.37666533333334,901ec8c2e00b,1,1.0,12.0,6.0,6,1.0,1.0,0,,,,,,
101,0.9612159999007129,-0.8253135949454778,-2.3174633850314788,12,6,0.9494467783436957,0.47277801200700986,192.37666533333334,901ec8c2e00b,1,1.0,12.0,6.0,6,1.0,1.0,0,,,,,,
102,0.9608319998997299,-0.8298501237529967,-2.3157180013031784,12,6,0.9494467783436957,0.47277801200700986,192.37666533333334,901ec8c2e00b,1,1.0,12.0,6.0,6,1.0,1.0,0,,,,,,
103,0.9604479998987469,-0.83416750154503,-2.315615474391684,12,6,0.9494467783436957,0.47277801200700986,192.37666533333334,901ec8c2e00b,1,1.0,12.0,6.0,6,1.0,1.0,0,,,,,,
104,0.9600639998977638,-0.8394786090634165,-2.3168053441543504,12,6,0.9494467783436957,0.47277801200700986,192.37666533333334,901ec8c2e00b,1,1.0,12.0,6.0,6,1.0,1.0,0,0.8,0.0,3.372988999715903,174.61212061031864,0.9468223131839203,0.5288788362862131
105,0.9596799998967808,-0.8434751670228021,-2.3157131707362533,12,6,0.9494467783436957,0.47277801200700986,192.37666533333334,901ec8c2e00b,1,1.0,12.0,6.0,6,1.0,1.0,0,,,,,,
106,0.9592959998957977,-0.8488761816982748,-2.315687231930263,12,6,0.9494467783436957,0.47277801200700986,192.37666533333334,901ec8c2e00b,1,1.0,12.0,6.0,6,1.0,1.0,0,,,,,,
107,0.9589119998948147,-0.8535847645885258,-2.316592548240611,12,6,0.9494467783436957,0.47277801200700986,192.37666533333334,901ec8c2e00b,1,1.0,12.0,6.0,6,1.0,1.0,0,,,,,,
108,0.9585279998938316,-0.8564118486006974,-2.3153750000625037,12,6,0.9494467783436957,0.47277801200700986,192.37666533333334,901ec8c2e00b,1,1.0,12.0,6.0,6,1.0,1.0,0,,,,,,
109,0.9581439998928486,-0.8620977463761405,-2.3150464308717247,12,6,0.9494467783436957,0.47277801200700986,192.37666533333334,901ec8c2e00b,1,1.0,12.0,6.0,6,1.0,1.0,0,1.0,0.0,3.815239613318829,354.7514644923203,0.9334852623991335,0.44733646597736343
110,0.9577599998918656,-0.8649710376853246,-2.314391645914172,12,6,0.9494467783436957,0.47277801200700986,192.37666533333334,901ec8c2e00b,1,1.0,12.0,6.0,6,1.0,1.0,0,,,,,,
111,0.9573759998908825,-0.8690944084054752,-2.315485025890787,12,6,0.9494467783436957,0.47277801200700986,192.37666533333334,901ec8c2e00b,1,1.0,12.0,6.0,6,1.0,1.0,0,,,,,,
112,0.9569919998898995,-0.8721548106364776,-2.3161458459233706,12,6,0.9494467783436957,0.47277801200700986,192.37666533333334,901ec8c2e00b,1,1.0,12.0,6.0,6,1.0,1.0,0,,,,,,
113,0.9566079998889164,-0.8761790421916388,-2.314343571055074,12,6,0.9494467783436957,0.47277801200700986,192.37666533333334,901ec8c2e00b,1,1.0,12.0,6.0,6,1.0,1.0,0,,,,,,
114,0.9562239998879334,-0.8816444731455102,-2.315136401219115,12,6,0.9494467783436957,0.47277801200700986,192.37666533333334,901ec8c2e00b,1,1.0,12.0,6.0,6,1.0,1.0,0,0.9,0.0,3.713980055406251,265.6829641950388,0.9190418727807869,0.3369923086339075
115,0.9558399998869505,-0.8830611100040432,-2.3151268790117507,12,6,0.9494467783436957,0.47277801200700986,192.37666533333334,901ec8c2e00b,1,1.0,12.0,6.0,6,1.0,1.0,0,,,,,,
116,0.9554559998859674,-0.8871904704172003,-2.316115246997805,12,6,0.9494467783436957,0.47277801200700986,192.37666533333334,901ec8c2e00b,1,1.0,12.0,6.0,6,1.0,1.0,0,,,,,,
117,0.9550719998849844,-0.8908961321937594,-2.314949326582988,12,6,0.9494467783436957,0.47277801200700986,192.37666533333334,901ec8c2e00b,1,1.0,12.0,6.0,6,1.0,1.0,0,,,,,,
118,0.9546879998840013,-0.8949096245724968,-2.3148870752127784,12,6,0.9494467783436957,0.47277801200700986,192.37666533333334,901ec8c2e00b,1,1.0,12.0,6.0,6,1.0,1.0,0,,,,,,
119,0.9543039998830183,-0.8989077270171304,-2.3145375600703253,12,6,0.9494467783436957,0.47277801200700986,192.37666533333334,901ec8c2e00b,1,1.0,12.0,6.0,6,1.0,1.0,0,0.9,0.0,3.9847247621819912,305.0156855992665,0.9321768891979363,0.014166225405877572
120,0.9539199998820352,-0.9015990229489087,-2.3139513591837058,12,6,0.9494467783436957,0.47277801200700986,192.37666533333334,901ec8c2e00b,1,1.0,12.0,6.0,6,1.0,1.0,0,,,,,,
121,0.9535359998810522,-0.9049001908372217,-2.3154193267319068,12,6,0.9494467783436957,0.47277801200700986,192.37666533333334,901ec8c2e00b,1,1.0,12.0,6.0,6,1.0,1.0,0,,,,,,
122,0.9531519998800692,-0.9090155477728303,-2.3165206612830107,12,6,0.9494467783436957,0.47277801200700986,192.37666533333334,901ec8c2e00b,1,1.0,12.0,6.0,6,1.0,1.0,0,,,,,,
123,0.9527679998790861,-0.91318983341083,-2.315391573842763,12,6,0.9494467783436957,0.47277801200700986,192.37666533333334,901ec8c2e00b,1,1.0,12.0,6.0,6,1.0,1.0,0,,,,,,
124,0.9523839998781031,-0.9154496389203772,-2.3160171037775026,12,6,0.9494467783436957,0.47277801200700986,192.37666533333334,901ec8c2e00b,1,1.0,12.0,6.0,6,1.0,1.0,0,0.5,0.2,4.198119071345094,405.3918434306139,0.3053042215668656,0.21722513914503658
125,0.95199999987712,-0.9206253512726078,-2.317013249341391,12,6,0.9494467783436957,0.47277801200700986,192.37666533333334,901ec8c2e00b,1,1.0,12.0,6.0,6,1.0,1.0,0,,,,,,
126,0.951615999876137,-0.9233860715124762,-2.3179374757625713,12,6,0.9494467783436957,0.47277801200700986,192.37666533333334,901ec8c2e00b,1,1.0,12.0,6.0,6,1.0,1.0,0,,,,,,
127,0.9512319998751539,-0.9266447807078367,-2.317238459258081,12,6,0.9494467783436957,0.47277801200700986,192.37666533333334,901ec8c2e00b,1,1.0,12.0,6.0,6,1.0,1.0,0,,,,,,
128,0.9508479998741709,-0.9302047719533729,-2.317263585193792,12,6,0.9494467783436957,0.47277801200700986,192.37666533333334,901ec8c2e00b,1,1.0,12.0,6.0,6,1.0,1.0,0,,,,,,
129,0.9504639998731879,-0.9343295108910743,-2.31707050635431,12,6,0.9494467783436957,0.47277801200700986,192.37666533333334,901ec8c2e00b,1,1.0,12.0,6.0,6,1.0,1.0,0,0.6,0.3,4.464176106646719,626.6837716951893,-0.1252637285646964,0.3881103508951193
130,0.9500799998722048,-0.9376515256080546,-2.3176969966318914,12,6,0.9494467783436957,0.47277801200700986,192.37666533333334,901ec8c2e00b,1,1.0,12.0,6.0,6,1.0,1.0,0,,,,,,
131,0.9496959998712218,-0.9424532798190003,-2.3161791817158313,12,6,0.9494467783436957,0.47277801200700986,192.37666533333334,901ec8c2e00b,1,1.0,12.0,6.0,6,1.0,1.0,0,,,,,,
132,0.9493119998702387,-0.9458975996740999,-2.3149505630137974,12,6,0.9494467783436957,0.47277801200700986,192.37666533333334,901ec8c2e00b,1,1.0,12.0,6.0,6,1.0,1.0,0,,,,,,
133,0.9489279998692557,-0.9499883332244081,-2.3147473160039325,12,6,0.9494467783436957,0.47277801200700986,192.37666533333334,901ec8c2e00b,1,1.0,12.0,6.0,6,1.0,1.0,0,,,,,,
134,0.9485439998682726,-0.953340341752857,-2.3146964725090102,12,6,0.9494467783436957,0.47277801200700986,192.37666533333334,901ec8c2e00b,1,1.0,12.0,6.0,6,1.0,1.0,0,0.7,0.3,4.5169089865658405,711.7326721817444,-0.299899166538397,0.47805966328786426
135,0.9481599998672896,-0.9561512256572782,-2.3139744716381077,12,6,0.9494467783436957,0.47277801200700986,192.37666533333334,901ec8c2e00b,1,1.0,12.0,6.0,6,1.0,1.0,0,,,,,,
136,0.9477759998663066,-0.9591379954749766,-2.313925010333763,12,6,0.9494467783436957,0.47277801200700986,192.37666533333334,901ec8c2e00b,1,1.0,12.0,6.0,6,1.0,1.0,0,,,,,,
137,0.9473919998653235,-0.962511967988129,-2.312070518896191,12,6,0.9494467783436957,0.47277801200700986,192.37666533333334,901ec8c2e00b,1,1.0,12.0,6.0,6,1.0,1.0,0,,,,,,
138,0.9470079998643405,-0.966596878720072,-2.310984433281305,12,6,0.9494467783436957,0.47277801200700986,192.37666533333334,901ec8c2e00b,1,1.0,12.0,6.0,6,1.0,1.0,0,,,,,,
139,0.9466239998633574,-0.9700139394822308,-2.309769807579426,12,6,0.9494467783436957,0.47277801200700986,192.37666533333334,901ec8c2e00b,1,1.0,12.0,6.0,6,1.0,1.0,0,0.4,0.6,4.635624129864928,1010.7322006825962,-0.5197082187021862,0.5838222868242564
140,0.9462399998623744,-0.9729783215970137,-2.3102720192767543,12,6,0.9494467783436957,0.47277801200700986,192.37666533333334,901ec8c2e00b,1,1.0,12.0,6.0,6,1.0,1.0,0,,,,,,
141,0.9458559998613913,-0.9769711758556744,-2.3100833738992406,12,6,0.9494467783436957,0.47277801200700986,192.37666533333334,901ec8c2e00b,1,1.0,12.0,6.0,6,1.0,1.0,0,,,,,,
142,0.9454719998604083,-0.9791758745687658,-2.308391092375546,12,6,0.9494467783436957,0.47277801200700986,192.37666533333334,901ec8c2e00b,1,1.0,12.0,6.0,6,1.0,1.0,0,,,,,,
143,0.9450879998594253,-0.9823287725317522,-2.3082648581640517,12,6,0.9494467783436957,0.47277801200700986,192.37666533333334,901ec8c2e00b,1,1.0,12.0,6.0,6,1.0,1.0,0,,,,,,
144,0.9447039998584422,-0.9859367160756146,-2.3097354863680697,12,6,0.9494467783436957,0.47277801200700986,192.37666533333334,901ec8c2e00b,1,1.0,12.0,6.0,6,1.0,1.0,0,0.7,0.3,4.102984165401649,662.9817126788648,-0.6233197586144661,0.6250149566740891
145,0.9443199998574592,-0.991634099245878,-2.310105686419727,12,6,0.9494467783436957,0.47277801200700986,192.37666533333334,901ec8c2e00b,1,1.0,12.0,6.0,6,1.0,1.0,0,,,,,,
146,0.9439359998564761,-0.9945712201532334,-2.309331957049469,12,6,0.9494467783436957,0.47277801200700986,192.37666533333334,901ec8c2e00b,1,1.0,12.0,6.0,6,1.0,1.0,0,,,,,,
147,0.9435519998554931,-0.9987338415977087,-2.3088299326164816,12,6,0.9494467783436957,0.47277801200700986,192.37666533333334,901ec8c2e00b,1,1.0,12.0,6.0,6,1.0,1.0,0,,,,,,
148,0.94316799985451,-1.002506291437205,-2.309565564005295,12,6,0.9494467783436957,0.47277801200700986,192.37666533333334,901ec8c2e00b,1,1.0,12.0,6.0,6,1.0,1.0,0,,,,,,
149,0.942783999853527,-1.005626628040148,-2.310164464594278,12,6,0.9494467783436957,0.47277801200700986,192.37666533333334,901ec8c2e00b,1,1.0,12.0,6.0,6,1.0,1.0,0,0.5,0.5,4.699294103483345,916.8284458631439,-0.8907703604083537,0.718361896093009
150,0.942399999852544,-1.0084402834255308,-2.310636020353411,12,6,0.9494467783436957,0.47277801200700986,192.37666533333334,901ec8c2e00b,1,1.0,12.0,6.0,6,1.0,1.0,0,,,,,,
151,0.9420159998515609,-1.0120954157545847,-2.3102928796183515,12,6,0.9494467783436957,0.47277801200700986,192.37666533333334,901ec8c2e00b,1,1.0,12.0,6.0,6,1.0,1.0,0,,,,,,
152,0.9416319998505779,-1.0157966837328896,-2.309510523662862,12,6,0.9494467783436957,0.47277801200700986,192.37666533333334,901ec8c2e00b,1,1.0,12.0,6.0,6,1.0,1.0,0,,,,,,
153,0.9412479998495948,-1.018648778602779,-2.3085886068683474,12,6,0.9494467783436957,0.47277801200700986,192.37666533333334,901ec8c2e00b,1,1.0,12.0,6.0,6,1.0,1.0,0,,,,,,
154,0.9408639998486118,-1.0213333521732466,-2.3077960484103537,12,6,0.9494467783436957,0.47277801200700986,192.37666533333334,901ec8c2e00b,1,1.0,12.0,6.0,6,1.0,1.0,0,0.5,0.4,4.3166258036841665,719.498186850063,-0.9016866189947945,0.7038090035124379
155,0.9404799998476288,-1.0246568853731322,-2.307394482852658,12,6,0.9494467783436957,0.47277801200700986,192.37666533333334,901ec8c2e00b,1,1.0,12.0,6.0,6,1.0,1.0,0,,,,,,
156,0.9400959998466457,-1.0281734617363063,-2.3087299966402743,12,6,0.9494467783436957,0.47277801200700986,192.37666533333334,901ec8c2e00b,1,1.0,12.0,6.0,6,1.0,1.0,0,,,,,,
157,0.9397119998456627,-1.033309971519018,-2.3096229882295622,12,6,0.9494467783436957,0.47277801200700986,192.37666533333334,901ec8c2e00b,1,1.0,12.0,6.0,6,1.0,1.0,0,,,,,,
158,0.9393279998446796,-1.0348304583740828,-2.3106398257125536,12,6,0.9494467783436957,0.47277801200700986,192.37666533333334,901ec8c2e00b,1,1.0,12.0,6.0,6,1.0,1.0,0,,,,,,
159,0.9389439998436966,-1.0381986442222233,-2.309502225666783,12,6,0.9494467783436957,0.47277801200700986,192.37666533333334,901ec8c2e00b,1,1.0,12.0,6.0,6,1.0,1.0,0,0.3,0.7,4.991976684639262,1138.298030249079,-0.9055285803574669,0.7123311574851814
160,0.9385599998427137,-1.04161757613059,-2.3081347801282543,12,6,0.9494467783436957,0.47277801200700986,192.37666533333334,901ec8c2e00b,1,1.0,12.0,6.0,6,1.0,1.0,0,,,,,,
161,0.9381759998417306,-1.0457205303129762,-2.3085242463344144,12,6,0.9494467783436957,0.47277801200700986,192.37666533333334,901ec8c2e00b,1,1.0,12.0,6.0,6,1.0,1.0,0,,,,,,
162,0.9377919998407476,-1.0497938243930864,-2.3084607948730036,12,6,0.9494467783436957,0.47277801200700986,192.37666533333334,901ec8c2e00b,1,1.0,12.0,6.0,6,1.0,1.0,0,,,,,,
163,0.9374079998397645,-1.0520739559637686,-2.309007822714571,12,6,0.9494467783436957,0.47277801200700986,192.37666533333334,901ec8c2e00b,1,1.0,12.0,6.0,6,1.0,1.0,0,,,,,,
164,0.9370239998387815,-1.0551020407545546,-2.3074605661505774,12,6,0.9494467783436957,0.47277801200700986,192.37666533333334,901ec8c2e00b,1,1.0,12.0,6.0,6,1.0,1.0,0,0.5,0.5,4.6423153584245656,916.8492344169215,-0.9048285745692668,0.6980046958333602
165,0.9366399998377984,-1.0589083085977375,-2.306316249884723,12,6,0.9494467783436957,0.47277801200700986,192.37666533333334,901ec8c2e00b,1,1.0,12.0,6.0,6,1.0,1.0,0,,,,,,
166,0.9362559998368154,-1.062141522537048,-2.305972604723506,12,6,0.9494467783436957,0.47277801200700986,192.37666533333334,901ec8c2e00b,1,1.0,12.0,6.0,6,1.0,1.0,0,,,,,,
167,0.9358719998358324,-1.063800126075022,-2.3050342053340027,12,6,0.9494467783436957,0.47277801200700986,192.37666533333334,901ec8c2e00b,1,1.0,12.0,6.0,6,1.0,1.0,0,,,,,,
168,0.9354879998348493,-1.0669083435709783,-2.305151600348587,12,6,0.9494467783436957,0.47277801200700986,192.37666533333334,901ec8c2e00b,1,1.0,12.0,6.0,6,1.0,1.0,0,,,,,,
169,0.9351039998338663,-1.0704238383191544,-2.3041887178349953,12,6,0.9494467783436957,0.47277801200700986,192.37666533333334,901ec8c2e00b,1,1.0,12.0,6.0,6,1.0,1.0,0,0.4,0.6,4.571943496597155,992.0469055586891,-0.9051730586313452,0.7368262089498935
170,0.9347199998328832,-1.0728560002336813,-2.3049414416437664,12,6,0.9494467783436957,0.47277801200700986,192.37666533333334,901ec8c2e00b,1,1.0,12.0,6.0,6,1.0,1.0,0,,,,,,
171,0.9343359998319002,-1.0751946766755363,-2.3056322464001884,12,6,0.9494467783436957,0.47277801200700986,192.37666533333334,901ec8c2e00b,1,1.0,12.0,6.0,6,1.0,1.0,0,,,,,,
172,0.9339519998309171,-1.0783373966175889,-2.3063949626060958,12,6,0.9494467783436957,0.47277801200700986,192.37666533333334,901ec8c2e00b,1,1.0,12.0,6.0,6,1.0,1.0,0,,,,,,
173,0.9335679998299341,-1.0827325878546625,-2.305399367966609,12,6,0.9494467783436957,0.47277801200700986,192.37666533333334,901ec8c2e00b,1,1.0,12.0,6.0,6,1.0,1.0,0,,,,,,
174,0.9331839998289511,-1.0869246624338453,-2.306804627433936,12,6,0.9494467783436957,0.47277801200700986,192.37666533333334,901ec8c2e00b,1,1.0,12.0,6.0,6,1.0,1.0,0,0.3,0.7,4.822462012561066,1137.4714718129362,-0.9047532195466507,0.7575003848371508
175,0.932799999827968,-1.0905490496748376,-2.3084632278936916,12,6,0.9494467783436957,0.47277801200700986,192.37666533333334,901ec8c2e00b,1,1.0,12.0,6.0,6,1.0,1.0,0,,,,,,
176,0.932415999826985,-1.092268836889352,-2.3083903625600373,12,6,0.9494467783436957,0.47277801200700986,192.37666533333334,901ec8c2e00b,1,1.0,12.0,6.0,6,1.0,1.0,0,,,,,,
177,0.9320319998260019,-1.0929239795419627,-2.3082075613202933,12,6,0.9494467783436957,0.47277801200700986,192.37666533333334,901ec8c2e00b,1,1.0,12.0,6.0,6,1.0,1.0,0,,,,,,
178,0.9316479998250189,-1.096400458654042,-2.3091613650552936,12,6,0.9494467783436957,0.47277801200700986,192.37666533333334,901ec8c2e00b,1,1.0,12.0,6.0,6,1.0,1.0,0,,,,,,
179,0.9312639998240358,-1.0992862551939198,-2.3080068864471097,12,6,0.9494467783436957,0.47277801200700986,192.37666533333334,901ec8c2e00b,1,1.0,12.0,6.0,6,1.0,1.0,0,0.4,0.6,4.854266083220254,1023.9195902730338,-0.9956680326674295,0.8123930024626006
180,0.9308799998230528,-1.102917491181961,-2.306982823384001,12,6,0.9494467783436957,0.47277801200700986,192.37666533333334,901ec8c2e00b,1,1.0,12.0,6.0,6,1.0,1.0,0,,,,,,
181,0.9304959998220698,-1.10599869969184,-2.3069488898850334,12,6,0.9494467783436957,0.47277801200700986,192.37666533333334,901ec8c2e00b,1,1.0,12.0,6.0,6,1.0,1.0,0,,,,,,
182,0.9301119998210867,-1.1102360107019025,-2.3066842830837486,12,6,0.9494467783436957,0.47277801200700986,192.37666533333334,901ec8c2e00b,1,1.0,12.0,6.0,6,1.0,1.0,0,,,,,,
183,0.9297279998201037,-1.1120829838182393,-2.3057056549130386,12,6,0.9494467783436957,0.47277801200700986,192.37666533333334,901ec8c2e00b,1,1.0,12.0,6.0,6,1.0,1.0,0,,,,,,
184,0.9293439998191206,-1.1169931731374665,-2.3052077124569954,12,6,0.9494467783436957,0.47277801200700986,192.37666533333334,901ec8c2e00b,1,1.0,12.0,6.0,6,1.0,1.0,0,0.4,0.6,4.660768273908364,1013.5327010370845,-0.9960439174283866,0.8557551921416146
185,0.9289599998181376,-1.1195241734869714,-2.3071364502202596,12,6,0.9494467783436957,0.47277801200700986,192.37666533333334,901ec8c2e00b,1,1.0,12.0,6.0,6,1.0,1.0,0,,,,,,
186,0.9285759998171546,-1.1226421605734258,-2.3085476225176884,12,6,0.9494467783436957,0.47277801200700986,192.37666533333334,901ec8c2e00b,1,1.0,12.0,6.0,6,1.0,1.0,0,,,,,,
187,0.9281919998161715,-1.1267609198249189,-2.3098771654732633,12,6,0.9494467783436957,0.47277801200700986,192.37666533333334,901ec8c2e00b,1,1.0,12.0,6.0,6,1.0,1.0,0,,,,,,
188,0.9278079998151885,-1.1298311290476044,-2.309807342508359,12,6,0.9494467783436957,0.47277801200700986,192.37666533333334,901ec8c2e00b,1,1.0,12.0,6.0,6,1.0,1.0,0,,,,,,
189,0.9274239998142054,-1.131260398022073,-2.3089659988216584,12,6,0.9494467783436957,0.47277801200700986,192.37666533333334,901ec8c2e00b,1,1.0,12.0,6.0,6,1.0,1.0,0,0.5,0.5,4.597773259801243,905.3136624734116,-0.9958799286577059,0.8401758083034383
190,0.9270399998132224,-1.1337740616836214,-2.3092123987427784,12,6,0.9494467783436957,0.47277801200700986,192.37666533333334,901ec8c2e00b,1,1.0,12.0,6.0,6,1.0,1.0,0,,,,,,
191,0.9266559998122393,-1.1365877443589922,-2.3080915673929314,12,6,0.9494467783436957,0.47277801200700986,192.37666533333334,901ec8c2e00b,1,1.0,12.0,6.0,6,1.0,1.0,0,,,,,,
192,0.9262719998112563,-1.139702005742678,-2.309295399621806,12,6,0.9494467783436957,0.47277801200700986,192.37666533333334,901ec8c2e00b,1,1.0,12.0,6.0,6,1.0,1.0,0,,,,,,
193,0.9258879998102733,-1.1434846666369687,-2.3101359683568288,12,6,0.9494467783436957,0.47277801200700986,192.37666533333334,901ec8c2e00b,1,1.0,12.0,6.0,6,1.0,1.0,0,,,,,,
194,0.9255039998092902,-1.146612211170923,-2.3107027442840047,12,6,0.9494467783436957,0.47277801200700986,192.37666533333334,901ec8c2e00b,1,1.0,12.0,6.0,6,1.0,1.0,0,0.5,0.5,4.414747025160082,899.2834493349028,-0.9960520748787091,0.8537882056440869
195,0.9251199998083072,-1.1466989043940223,-2.310196142008452,12,6,0.9494467783436957,0.47277801200700986,192.37666533333334,901ec8c2e00b,1,1.0,12.0,6.0,6,1.0,1.0,0,,,,,,
196,0.9247359998073241,-1.1493749716049046,-2.3096578303672364,12,6,0.9494467783436957,0.47277801200700986,192.37666533333334,901ec8c2e00b,1,1.0,12.0,6.0,6,1.0,1.0,0,,,,,,
197,0.9243519998063411,-1.1526138734458813,-2.3083092836630708,12,6,0.9494467783436957,0.47277801200700986,192.37666533333334,901ec8c2e00b,1,1.0,12.0,6.0,6,1.0,1.0,0,,,,,,
198,0.923967999805358,-1.1543362240189032,-2.30780235660099,12,6,0.9494467783436957,0.47277801200700986,192.37666533333334,901ec8c2e00b,1,1.0,12.0,6.0,6,1.0,1.0,0,,,,,,
199,0.923583999804375,-1.1572069782044319,-2.308134762000587,12,6,0.9494467783436957,0.47277801200700986,192.37666533333334,901ec8c2e00b,1,1.0,12.0,6.0,6,1.0,1.0,0,0.3,0.7,5.009249554198471,1149.5593064014315,-0.9960894731486297,0.8071387637294526
200,0.923199999803392,-1.1599984082580554,-2.3075793357517305,12,6,0.9494467783436957,0.47277801200700986,192.37666533333334,901ec8c2e00b,1,1.0,12.0,6.0,6,1.0,1.0,0,,,,,,
201,0.9228159998024089,-1.1634593439493846,-2.3079006200176333,12,6,0.9494467783436957,0.47277801200700986,192.37666533333334,901ec8c2e00b,1,1.0,12.0,6.0,6,1.0,1.0,0,,,,,,
202,0.9224319998014259,-1.1685666296897363,-2.3073482376465075,12,6,0.9494467783436957,0.47277801200700986,192.37666533333334,901ec8c2e00b,1,1.0,12.0,6.0,6,1.0,1.0,0,,,,,,
203,0.9220479998004428,-1.1720902712180374,-2.307657796739826,12,6,0.9494467783436957,0.47277801200700986,192.37666533333334,901ec8c2e00b,1,1.0,12.0,6.0,6,1.0,1.0,0,,,,,,
204,0.9216639997994598,-1.1754328920697825,-2.308386470767851,12,6,0.9494467783436957,0.47277801200700986,192.37666533333334,901ec8c2e00b,1,1.0,12.0,6.0,6,1.0,1.0,0,0.3,0.6,4.828894589333517,957.5808674787261,-0.9001767160627021,0.7923449929590889
205,0.9212799997984767,-1.1790911730813176,-2.3086400944907823,12,6,0.9494467783436957,0.47277801200700986,192.37666533333334,901ec8c2e00b,1,1.0,12.0,6.0,6,1.0,1.0,0,,,,,,
206,0.9208959997974938,-1.1826891707026896,-2.3099359349296082,12,6,0.9494467783436957,0.47277801200700986,192.37666533333334,901ec8c2e00b,1,1.0,12.0,6.0,6,1.0,1.0,0,,,,,,
207,0.9205119997965108,-1.1859646929333045,-2.310694778126139,12,6,0.9494467783436957,0.47277801200700986,192.37666533333334,901ec8c2e00b,1,1.0,12.0,6.0,6,1.0,1.0,0,,,,,,
208,0.9201279997955277,-1.1874133333825472,-2.3114852422841135,12,6,0.9494467783436957,0.47277801200700986,192.37666533333334,901ec8c2e00b,1,1.0,12.0,6.0,6,1.0,1.0,0,,,,,,
209,0.9197439997945447,-1.1881903991629879,-2.3112903519841113,12,6,0.9494467783436957,0.47277801200700986,192.37666533333334,901ec8c2e00b,1,1.0,12.0,6.0,6,1.0,1.0,0,0.4,0.5,4.777721820908648,868.7674672005294,-0.8128686981007873,0.7055351615739689
210,0.9193599997935616,-1.191119043679025,-2.3113024270886053,12,6,0.9494467783436957,0.47277801200700986,192.37666533333334,901ec8c2e00b,1,1.0,12.0,6.0,6,1.0,1.0,0,,,,,,
211,0.9189759997925786,-1.194174112383834,-2.311201655936971,12,6,0.9494467783436957,0.47277801200700986,192.37666533333334,901ec8c2e00b,1,1.0,12.0,6.0,6,1.0,1.0,0,,,,,,
212,0.9185919997915956,-1.1992348563944326,-2.311760528372244,12,6,0.9494467783436957,0.47277801200700986,192.37666533333334,901ec8c2e00b,1,1.0,12.0,6.0,6,1.0,1.0,0,,,,,,
213,0.9182079997906125,-1.2011703649577032,-2.3128447143772797,12,6,0.9494467783436957,0.47277801200700986,192.37666533333334,901ec8c2e00b,1,1.0,12.0,6.0,6,1.0,1.0,0,,,,,,
214,0.9178239997896295,-1.2040946389376583,-2.3143701336050744,12,6,0.9494467783436957,0.47277801200700986,192.37666533333334,901ec8c2e00b,1,1.0,12.0,6.0,6,1.0,1.0,0,0.3,0.7,4.926262474214195,1128.4356740634635,-0.8090881668674947,0.6984644656360691
215,0.9174399997886464,-1.2075209290308178,-2.313806800965607,12,6,0.9494467783436957,0.47277801200700986,192.37666533333334,901ec8c2e00b,1,1.0,12.0,6.0,6,1.0,1.0,0,,,,,,
216,0.9170559997876634,-1.2098239325324294,-2.313828472763664,12,6,0.9494467783436957,0.47277801200700986,192.37666533333334,901ec8c2e00b,1,1.0,12.0,6.0,6,1.0,1.0,0,,,,,,
217,0.9166719997866803,-1.2131536199780222,-2.3131935134710133,12,6,0.9494467783436957,0.47277801200700986,192.37666533333334,901ec8c2e00b,1,1.0,12.0,6.0,6,1.0,1.0,0,,,,,,
218,0.9162879997856973,-1.2160298160947254,-2.311998235222958,12,6,0.9494467783436957,0.47277801200700986,192.37666533333334,901ec8c2e00b,1,1.0,12.0,6.0,6,1.0,1.0,0,,,,,,
219,0.9159039997847143,-1.2185923169667037,-2.311659045894538,12,6,0.9494467783436957,0.47277801200700986,192.37666533333334,901ec8c2e00b,1,1.0,12.0,6.0,6,1.0,1.0,0,0.2,0.5,5.141954307656084,743.0152169998657,-0.5867668844084228,0.5347170770916287
220,0.9155199997837312,-1.2210960099498864,-2.311892495779174,12,6,0.9494467783436957,0.47277801200700986,192.37666533333334,901ec8c2e00b,1,1.0,12.0,6.0,6,1.0,1.0,0,,,,,,
221,0.9151359997827482,-1.2235717819908978,-2.311215286722991,12,6,0.9494467783436957,0.47277801200700986,192.37666533333334,901ec8c2e00b,1,1.0,12.0,6.0,6,1.0,1.0,0,,,,,,
222,0.9147519997817651,-1.2278832257249617,-2.3116638113012464,12,6,0.9494467783436957,0.47277801200700986,192.37666533333334,901ec8c2e00b,1,1.0,12.0,6.0,6,1.0,1.0,0,,,,,,
223,0.9143679997807821,-1.2304450514197929,-2.311961674358473,12,6,0.9494467783436957,0.47277801200700986,192.37666533333334,901ec8c2e00b,1,1.0,12.0,6.0,6,1.0,1.0,0,,,,,,
224,0.913983999779799,-1.232169805791716,-2.3116003575884734,12,6,0.9494467783436957,0.47277801200700986,192.37666533333334,901ec8c2e00b,1,1.0,12.0,6.0,6,1.0,1.0,0,0.2,0.7,5.171206535849671,1094.221990471537,-0.527820514693451,0.5367042037278729
225,0.913599999778816,-1.235846647931125,-2.310308482871277,12,6,0.9494467783436957,0.47277801200700986,192.37666533333334,901ec8c2e00b,1,1.0,12.0,6.0,6,1.0,1.0,0,,,,,,
226,0.913215999777833,-1.2394133210848683,-2.310012034557572,12,6,0.9494467783436957,0.47277801200700986,192.37666533333334,901ec8c2e00b,1,1.0,12.0,6.0,6,1.0,1.0,0,,,,,,
227,0.9128319997768499,-1.2421500651280684,-2.3098352428663045,12,6,0.9494467783436957,0.47277801200700986,192.37666533333334,901ec8c2e00b,1,1.0,12.0,6.0,6,1.0,1.0,0,,,,,,
228,0.9124479997758669,-1.2459750458026873,-2.3111967846021395,12,6,0.9494467783436957,0.47277801200700986,192.37666533333334,901ec8c2e00b,1,1.0,12.0,6.0,6,1.0,1.0,0,,,,,,
229,0.9120639997748838,-1.248235862615281,-2.3104139669685306,12,6,0.9494467783436957,0.47277801200700986,192.37666533333334,901ec8c2e00b,1,1.0,12.0,6.0,6,1.0,1.0,0,0.3,0.7,5.1562410846746864,1157.027028730056,-0.5693312825950465,0.5034950347372735
230,0.9116799997739008,-1.2513154374069935,-2.3099676257649926,12,6,0.9494467783436957,0.47277801200700986,192.37666533333334,901ec8c2e00b,1,1.0,12.0,6.0,6,1.0,1.0,0,,,,,,
231,0.9112959997729178,-1.2511447537874596,-2.310052757175644,12,6,0.9494467783436957,0.47277801200700986,192.37666533333334,901ec8c2e00b,1,1.0,12.0,6.0,6,1.0,1.0,0,,,,,,
232,0.9109119997719347,-1.254150601891078,-2.309966828395455,12,6,0.9494467783436957,0.47277801200700986,192.37666533333334,901ec8c2e00b,1,1.0,12.0,6.0,6,1.0,1.0,0,,,,,,
233,0.9105279997709517,-1.2570816072151632,-2.3094455482790788,12,6,0.9494467783436957,0.47277801200700986,192.37666533333334,901ec8c2e00b,1,1.0,12.0,6.0,6,1.0,1.0,0,,,,,,
234,0.9101439997699686,-1.2603344753768781,-2.3089357851006342,12,6,0.9494467783436957,0.47277801200700986,192.37666533333334,901ec8c2e00b,1,1.0,12.0,6.0,6,1.0,1.0,0,0.1,0.8,5.0547141421268424,1167.0403593501517,-0.5414300431311799,0.5807355659754252
235,0.9097599997689856,-1.263802780338073,-2.3096655355624742,12,6,0.9494467783436957,0.47277801200700986,192.37666533333334,901ec8c2e00b,1,1.0,12.0,6.0,6,1.0,1.0,0,,,,,,
236,0.9093759997680025,-1.2669750196094702,-2.3102389319034136,12,6,0.9494467783436957,0.47277801200700986,192.37666533333334,901ec8c2e00b,1,1.0,12.0,6.0,6,1.0,1.0,0,,,,,,
237,0.9089919997670195,-1.2678846004139206,-2.31047546155088,12,6,0.9494467783436957,0.47277801200700986,192.37666533333334,901ec8c2e00b,1,1.0,12.0,6.0,6,1.0,1.0,0,,,,,,
238,0.9086079997660365,-1.2706005509570293,-2.3099841496839684,12,6,0.9494467783436957,0.47277801200700986,192.37666533333334,901ec8c2e00b,1,1.0,12.0,6.0,6,1.0,1.0,0,,,,,,
239,0.9082239997650534,-1.2735287448181951,-2.3100384170417407,12,6,0.9494467783436957,0.47277801200700986,192.37666533333334,901ec8c2e00b,1,1.0,12.0,6.0,6,1.0,1.0,0,0.1,0.8,5.168898705350594,1177.5373809006906,-0.4561917337387883,0.7954865930674342
240,0.9078399997640704,-1.2761824123412047,-2.309704235366663,12,6,0.9494467783436957,0.47277801200700986,192.37666533333334,901ec8c2e00b,1,1.0,12.0,6.0,6,1.0,1.0,0,,,,,,
241,0.9074559997630873,-1.2787703415636067,-2.3099235699163003,12,6,0.9494467783436957,0.47277801200700986,192.37666533333334,901ec8c2e00b,1,1.0,12.0,6.0,6,1.0,1.0,0,,,,,,
242,0.9070719997621043,-1.28144933397898,-2.3097788470968026,12,6,0.9494467783436957,0.47277801200700986,192.37666533333334,901ec8c2e00b,1,1.0,12.0,6.0,6,1.0,1.0,0,,,,,,
243,0.9066879997611212,-1.2851643936323904,-2.3096052366831628,12,6,0.9494467783436957,0.47277801200700986,192.37666533333334,901ec8c2e00b,1,1.0,12.0,6.0,6,1.0,1.0,0,,,,,,
244,0.9063039997601382,-1.2875931630086181,-2.3099618809397966,12,6,0.9494467783436957,0.47277801200700986,192.37666533333334,901ec8c2e00b,1,1.0,12.0,6.0,6,1.0,1.0,0,0.0,0.8,5.154053125458722,1112.9108695579293,-0.46954210600315177,0.8788259538231096
245,0.9059199997591552,-1.2915593772805953,-2.308369870243055,12,6,0.9494467783436957,0.47277801200700986,192.37666533333334,901ec8c2e00b,1,1.0,12.0,6.0,6,1.0,1.0,0,,,,,,
246,0.9055359997581721,-1.2944121602397285,-2.309188000506463,12,6,0.9494467783436957,0.47277801200700986,192.37666533333334,901ec8c2e00b,1,1.0,12.0,6.0,6,1.0,1.0,0,,,,,,
247,0.9051519997571891,-1.2966156618381877,-2.310309302073543,12,6,0.9494467783436957,0.47277801200700986,192.37666533333334,901ec8c2e00b,1,1.0,12.0,6.0,6,1.0,1.0,0,,,,,,
248,0.904767999756206,-1.2976251017687677,-2.3123233774264906,12,6,0.9494467783436957,0.47277801200700986,192.37666533333334,901ec8c2e00b,1,1.0,12.0,6.0,6,1.0,1.0,0,,,,,,
249,0.904383999755223,-1.2986728698185799,-2.3113690909805302,12,6,0.9494467783436957,0.47277801200700986,192.37666533333334,901ec8c2e00b,1,1.0,12.0,6.0,6,1.0,1.0,0,0.2,0.8,5.214746434406908,1250.9344645888289,-0.5326812265649373,0.8582926806422622
250,0.90399999975424,-1.2996665602894242,-2.3118567240451084,12,6,0.9494467783436957,0.47277801200700986,192.37666533333334,901ec8c2e00b,1,1.0,12.0,6.0,6,1.0,1.0,0,,,,,,
251,0.9036159997532569,-1.3019003840329235,-2.3115885332774218,12,6,0.9494467783436957,0.47277801200700986,192.37666533333334,901ec8c2e00b,1,1.0,12.0,6.0,6,1.0,1.0,0,,,,,,
252,0.903231999752274,-1.3052624503055288,-2.312322742398615,12,6,0.9494467783436957,0.47277801200700986,192.37666533333334,901ec8c2e00b,1,1.0,12.0,6.0,6,1.0,1.0,0,,,,,,
253,0.9028479997512909,-1.3080608189875003,-2.3117365852118605,12,6,0.9494467783436957,0.47277801200700986,192.37666533333334,901ec8c2e00b,1,1.0,12.0,6.0,6,1.0,1.0,0,,,,,,
254,0.9024639997503079,-1.31133314801098,-2.3120728945649973,12,6,0.9494467783436957,0.47277801200700986,192.37666533333334,901ec8c2e00b,1,1.0,12.0,6.0,6,1.0,1.0,0,0.1,0.9,5.241610247310108,1350.852140100154,-0.48545370412663347,0.8242330526226777
255,0.9020799997493248,-1.3122361530661772,-2.3112063653608006,12,6,0.9494467783436957,0.47277801200700986,192.37666533333334,901ec8c2e00b,1,1.0,12.0,6.0,6,1.0,1.0,0,,,,,,
256,0.9016959997483418,-1.3150131249231813,-2.3101279013220686,12,6,0.9494467783436957,0.47277801200700986,192.37666533333334,901ec8c2e00b,1,1.0,12.0,6.0,6,1.0,1.0,0,,,,,,
257,0.9013119997473588,-1.3175108626271714,-2.31053333067123,12,6,0.9494467783436957,0.47277801200700986,192.37666533333334,901ec8c2e00b,1,1.0,12.0,6.0,6,1.0,1.0,0,,,,,,
258,0.9009279997463757,-1.3211425402403847,-2.3114830675419937,12,6,0.9494467783436957,0.47277801200700986,192.37666533333334,901ec8c2e00b,1,1.0,12.0,6.0,6,1.0,1.0,0,,,,,,
259,0.9005439997453927,-1.3242507340924532,-2.31261977376124,12,6,0.9494467783436957,0.47277801200700986,192.37666533333334,901ec8c2e00b,1,1.0,12.0,6.0,6,1.0,1.0,0,0.1,0.8,5.195519469476723,1183.87108013627,-0.4830835650762648,0.8194845337440319
260,0.9001599997444096,-1.3265929678365684,-2.3116079554635083,12,6,0.9494467783436957,0.47277801200700986,192.37666533333334,901ec8c2e00b,1,1.0,12.0,6.0,6,1.0,1.0,0,,,,,,
261,0.8997759997434266,-1.328816854113719,-2.3114754431422013,12,6,0.9494467783436957,0.47277801200700986,192.37666533333334,901ec8c2e00b,1,1.0,12.0,6.0,6,1.0,1.0,0,,,,,,
262,0.8993919997424435,-1.3301992987041509,-2.3126861441242483,12,6,0.9494467783436957,0.47277801200700986,192.37666533333334,901ec8c2e00b,1,1.0,12.0,6.0,6,1.0,1.0,0,,,,,,
263,0.8990079997414605,-1.3326900173195881,-2.3119573969283804,12,6,0.9494467783436957,0.47277801200700986,192.37666533333334,901ec8c2e00b,1,1.0,12.0,6.0,6,1.0,1.0,0,,,,,,
264,0.8986239997404775,-1.3353490286827703,-2.3122799715131084,12,6,0.9494467783436957,0.47277801200700986,192.37666533333334,901ec8c2e00b,1,1.0,12.0,6.0,6,1.0,1.0,0,0.0,1.0,5.246156574549517,1460.7625263617124,-0.5082060665722538,0.7719908595649196
265,0.8982399997394944,-1.3381507230439176,-2.3117524675506913,12,6,0.9494467783436957,0.47277801200700986,192.37666533333334,901ec8c2e00b,1,1.0,12.0,6.0,6,1.0,1.0,0,,,,,,
266,0.8978559997385114,-1.34234572041278,-2.3115379137891017,12,6,0.9494467783436957,0.47277801200700986,192.37666533333334,901ec8c2e00b,1,1.0,12.0,6.0,6,1.0,1.0,0,,,,,,
267,0.8974719997375283,-1.3456966939379358,-2.3109533855783932,12,6,0.9494467783436957,0.47277801200700986,192.37666533333334,901ec8c2e00b,1,1.0,12.0,6.0,6,1.0,1.0,0,,,,,,
268,0.8970879997365453,-1.3473343502811577,-2.3104661368909034,12,6,0.9494467783436957,0.47277801200700986,192.37666533333334,901ec8c2e00b,1,1.0,12.0,6.0,6,1.0,1.0,0,,,,,,
269,0.8967039997355623,-1.3478287786440772,-2.3108736099411593,12,6,0.9494467783436957,0.47277801200700986,192.37666533333334,901ec8c2e00b,1,1.0,12.0,6.0,6,1.0,1.0,0,0.0,0.9,5.233054266260047,1287.1568812548496,-0.6042432920577624,0.611572268696221
270,0.8963199997345792,-1.349046470827101,-2.3115576682356367,12,6,0.9494467783436957,0.47277801200700986,192.37666533333334,901ec8c2e00b,1,1.0,12.0,6.0,6,1.0,1.0,0,,,,,,
271,0.8959359997335962,-1.3515095553562875,-2.311887760420527,12,6,0.9494467783436957,0.47277801200700986,192.37666533333334,901ec8c2e00b,1,1.0,12.0,6.0,6,1.0,1.0,0,,,,,,
272,0.8955519997326131,-1.3558731707818097,-2.311395044908291,12,6,0.9494467783436957,0.47277801200700986,192.37666533333334,901ec8c2e00b,1,1.0,12.0,6.0,6,1.0,1.0,0,,,,,,
273,0.8951679997316301,-1.3584345113814942,-2.3111337430429013,12,6,0.9494467783436957,0.47277801200700986,192.37666533333334,901ec8c2e00b,1,1.0,12.0,6.0,6,1.0,1.0,0,,,,,,
274,0.894783999730647,-1.3597829004475803,-2.3128680309028264,12,6,0.9494467783436957,0.47277801200700986,192.37666533333334,901ec8c2e00b,1,1.0,12.0,6.0,6,1.0,1.0,0,0.0,1.0,5.250092367813061,1452.4937026599437,-0.4758164068814133,0.5950717210490403
275,0.894399999729664,-1.3619696603204796,-2.3133649276979185,12,6,0.9494467783436957,0.47277801200700986,192.37666533333334,901ec8c2e00b,1,1.0,12.0,6.0,6,1.0,1.0,0,,,,,,
276,0.894015999728681,-1.364425249354281,-2.3138678189334865,12,6,0.9494467783436957,0.47277801200700986,192.37666533333334,901ec8c2e00b,1,1.0,12.0,6.0,6,1.0,1.0,0,,,,,,
277,0.8936319997276979,-1.3662663238636679,-2.314393849734545,12,6,0.9494467783436957,0.47277801200700986,192.37666533333334,901ec8c2e00b,1,1.0,12.0,6.0,6,1.0,1.0,0,,,,,,
278,0.8932479997267149,-1.3694297016442016,-2.315063863138016,12,6,0.9494467783436957,0.47277801200700986,192.37666533333334,901ec8c2e00b,1,1.0,12.0,6.0,6,1.0,1.0,0,,,,,,
279,0.8928639997257318,-1.3716561804252125,-2.3144036466501396,12,6,0.9494467783436957,0.47277801200700986,192.37666533333334,901ec8c2e00b,1,1.0,12.0,6.0,6,1.0,1.0,0,0.0,1.0,5.24661606846987,1450.860583252465,-0.36421396167041015,0.6164274010003375
280,0.8924799997247488,-1.372135441327021,-2.315084806202727,12,6,0.9494467783436957,0.47277801200700986,192.37666533333334,901ec8c2e00b,1,1.0,12.0,6.0,6,1.0,1.0,0,,,,,,
281,0.8920959997237657,-1.3737016203548358,-2.3159449255145215,12,6,0.9494467783436957,0.47277801200700986,192.37666533333334,901ec8c2e00b,1,1.0,12.0,6.0,6,1.0,1.0,0,,,,,,
282,0.8917119997227827,-1.3764123120355205,-2.314604586484522,12,6,0.9494467783436957,0.47277801200700986,192.37666533333334,901ec8c2e00b,1,1.0,12.0,6.0,6,1.0,1.0,0,,,,,,
283,0.8913279997217997,-1.3784023415092876,-2.3136890913008856,12,6,0.9494467783436957,0.47277801200700986,192.37666533333334,901ec8c2e00b,1,1.0,12.0,6.0,6,1.0,1.0,0,,,,,,
284,0.8909439997208166,-1.3817120240779406,-2.3129506932815307,12,6,0.9494467783436957,0.47277801200700986,192.37666533333334,901ec8c2e00b,1,1.0,12.0,6.0,6,1.0,1.0,0,0.1,0.9,5.212356375821782,1354.4619587702405,-0.49228254009161376,0.5924378061965951
285,0.8905599997198336,-1.3841102024458656,-2.3121104098278904,12,6,0.9494467783436957,0.47277801200700986,192.37666533333334,901ec8c2e00b,1,1.0,12.0,6.0,6,1.0,1.0,0,,,,,,
286,0.8901759997188505,-1.385860722028572,-2.312388346715748,12,6,0.9494467783436957,0.47277801200700986,192.37666533333334,901ec8c2e00b,1,1.0,12.0,6.0,6,1.0,1.0,0,,,,,,
287,0.8897919997178675,-1.3896816899777782,-2.313077197777604,12,6,0.9494467783436957,0.47277801200700986,192.37666533333334,901ec8c2e00b,1,1.0,12.0,6.0,6,1.0,1.0,0,,,,,,
288,0.8894079997168844,-1.391163759798195,-2.3140739609874736,12,6,0.9494467783436957,0.47277801200700986,192.37666533333334,901ec8c2e00b,1,1.0,12.0,6.0,6,1.0,1.0,0,,,,,,
289,0.8890239997159014,-1.3935407669674806,-2.313995432780556,12,6,0.9494467783436957,0.47277801200700986,192.37666533333334,901ec8c2e00b,1,1.0,12.0,6.0,6,1.0,1.0,0,0.0,1.0,5.250930752508627,1450.9776848105994,-0.4925355760448368,0.5972947084569823
290,0.8886399997149184,-1.395395270003494,-2.3142817741273762,12,6,0.9494467783436957,0.47277801200700986,192.37666533333334,901ec8c2e00b,1,1.0,12.0,6.0,6,1.0,1.0,0,,,,,,
291,0.8882559997139353,-1.397272284568816,-2.3132002401968017,12,6,0.9494467783436957,0.47277801200700986,192.37666533333334,901ec8c2e00b,1,1.0,12.0,6.0,6,1.0,1.0,0,,,,,,
292,0.8878719997129523,-1.4005370016046048,-2.3121381665422014,12,6,0.9494467783436957,0.47277801200700986,192.37666533333334,901ec8c2e00b,1,1.0,12.0,6.0,6,1.0,1.0,0,,,,,,
293,0.8874879997119692,-1.4039566187826378,-2.3122470288193164,12,6,0.9494467783436957,0.47277801200700986,192.37666533333334,901ec8c2e00b,1,1.0,12.0,6.0,6,1.0,1.0,0,,,,,,
294,0.8871039997109862,-1.4065628598318232,-2.3113154945988037,12,6,0.9494467783436957,0.47277801200700986,192.37666533333334,901ec8c2e00b,1,1.0,12.0,6.0,6,1.0,1.0,0,0.0,1.0,5.252933221344681,1450.0486166038104,-0.9972078237647574,0.639027423644062
295,0.8867199997100031,-1.4096922418791529,-2.3115889453399805,12,6,0.9494467783436957,0.47277801200700986,192.37666533333334,901ec8c2e00b,1,1.0,12.0,6.0,6,1.0,1.0,0,,,,,,
296,0.8863359997090201,-1.4140724386933827,-2.3127949308488858,12,6,0.9494467783436957,0.47277801200700986,192.37666533333334,901ec8c2e00b,1,1.0,12.0,6.0,6,1.0,1.0,0,,,,,,
