ts	total_used_MiB	s1_MiB	s2_MiB	s3_MiB
08:05:54	14957	4344	5238	4372
08:06:55	14141	4346	4420	4372
08:07:58	14185	4346	4464	4372
08:08:59	10982	2238	4464	2302
08:10:01	11572	2238	4464	2302
08:11:02	14650	2238	4464	2302
08:12:03	19158	5318	2328	4478
08:13:05	19158	5318	2328	4478
08:14:06	13127	5318	2328	4478
08:15:07	15967	5318	5420	4478
08:16:07	16221	5318	5422	4478
08:17:11	11218	2238	5422	2302
08:18:11	11312	2284	2328	5448
08:19:11	14904	3578	4622	5448
08:20:12	11253	3578	4622	2302
08:21:12	9215	2238	2328	3646
08:22:12	13857	3612	5596	3646
08:23:13	13607	3614	5596	3646
08:24:13	13897	3614	5596	3684
08:25:14	9253	2238	2328	3684
08:26:14	10056	4628	4678	0
08:27:16	10311	4628	4680	0
08:28:16	5569	2238	2328	0
08:29:16	8222	3748	3724	0
08:30:17	5316	2238	2328	0
08:31:17	9288	3800	4738	0
08:32:17	9619	3800	4740	0
08:33:18	5316	2238	2328	0
08:34:18	10406	4874	4782	0
08:35:18	10406	4874	4782	0
08:36:21	7770	2238	4782	0
08:37:22	5681	2238	2328	0
08:38:23	13513	5454	6944	0
08:39:23	13513	5454	6944	0
08:40:24	10297	2238	6944	0
08:41:25	5717	2280	2328	0
08:42:26	12013	6012	4886	0
08:43:27	12013	6012	4886	0
08:44:27	12013	6012	4886	0
08:45:27	5681	2238	2328	0
08:46:29	8650	5572	2328	0
08:47:29	11851	5572	4916	0
08:48:29	12013	5572	4916	0
08:49:29	9571	6128	2328	0
08:50:30	12197	6128	4954	0
08:51:30	8307	2238	4954	0
08:52:30	11683	4486	6082	0
08:53:31	11889	4486	6082	0
08:54:42	9750	2238	6082	0
08:55:44	9435	2238	6082	0
08:56:46	6048	2238	2328	0
08:57:46	11235	5106	4994	0
08:58:46	11676	5106	4994	0
08:59:47	11242	5106	4994	0
09:00:47	9728	2238	4994	0
09:01:47	12054	4576	4974	0
09:02:47	12465	4576	4976	0
09:03:48	10691	2238	4976	0
09:04:48	15611	6324	6062	0
09:05:48	15633	6324	6062	0
09:06:51	7813	2238	2328	0
09:07:52	11995	6364	2358	0
09:08:52	15720	6364	5036	0
09:09:53	14647	6364	5036	0
09:10:53	10181	2238	5036	0
09:11:53	14513	4656	6324	0
09:12:54	14663	4656	6372	0
09:13:57	12403	2238	6372	0
09:14:59	7740	2238	2328	0
09:16:00	10080	4566	2328	0
09:17:01	14220	4642	6386	0
09:18:01	14502	4642	6386	0
09:19:02	15576	4642	6386	0
09:20:02	11436	2238	6386	0
09:21:02	11480	4646	4020	0
09:22:02	11480	4646	4020	0
09:23:02	14498	6458	5184	0
09:24:03	14742	6460	5234	0
09:25:03	9595	2238	5234	0
09:26:03	12165	4722	5320	0
09:27:04	12165	4722	5320	0
09:28:04	13219	5838	5258	0
09:29:04	13221	5838	5260	0
09:30:04	6817	2378	2328	0
09:31:04	13361	5938	5300	0
09:32:05	9661	2238	5300	0
09:33:05	13263	5816	5324	0
09:34:05	13263	5816	5324	0
09:35:05	10937	6486	2328	0
09:36:06	13991	6532	5336	0
09:37:06	13991	6532	5336	0
09:38:07	13991	6532	5336	0
09:39:07	6689	2238	2328	0
09:40:07	10861	4652	4086	0
09:41:07	10861	4652	4086	0
09:42:07	13319	4686	6510	0
09:43:08	13319	4686	6510	0
09:44:14	10871	2238	6510	0
09:45:15	6689	2238	2328	0
09:46:16	11449	5298	4028	0
09:47:16	11503	5298	4082	0
09:48:16	8443	2238	4082	0
09:49:16	15619	5828	7668	0
09:50:16	15619	5828	7668	0
09:51:17	6689	2238	2328	0
09:52:17	9061	4610	2328	0
09:53:18	12027	4610	5294	0
09:54:18	9655	2238	5294	0
09:55:18	10809	4642	4044	0
09:56:18	10809	4642	4044	0
09:57:18	11399	6948	2328	0
09:58:19	14387	6948	5284	0
09:59:22	14387	6948	5284	0
10:00:23	10887	6436	2334	0
10:01:23	15031	6436	6472	0
10:02:23	12133	7682	2328	0
10:03:23	16125	7682	6320	0
10:04:23	14223	5780	6320	0
10:05:24	14421	5842	6456	0
10:06:24	14467	5842	6502	0
10:07:25	14467	5842	6502	0
10:08:26	10895	2238	6502	0
10:09:27	9649	5198	2328	0
10:10:27	15041	5254	7664	0
10:11:28	15089	5254	7712	0
10:12:28	15091	5256	7712	0
10:13:28	14361	8168	4070	0
10:14:28	14361	8168	4070	0
10:15:28	10299	5848	2328	0
10:16:29	13313	5848	5342	0
10:17:29	13313	5848	5342	0
10:18:30	6689	2238	2328	0
10:19:30	12631	6426	4082	0
10:20:30	12663	6426	4082	0
10:21:31	6689	2238	2328	0
10:22:31	14563	5948	6492	0
10:23:31	14563	5948	6492	0
10:24:33	14563	5948	6492	0
10:25:33	6689	2238	2328	0
10:26:33	17011	7196	7692	0
10:27:34	17011	7196	7692	0
10:28:34	13285	5906	5256	0
10:29:34	13289	5908	5258	0
10:30:37	13289	5908	5258	0
10:31:38	6689	2238	2328	0
10:32:38	13857	6444	5290	0
10:33:38	13857	6444	5290	0
10:34:41	6721	2238	2328	0
10:35:41	16863	7002	7706	0
10:36:42	16831	7002	7706	0
10:37:42	8413	2238	4052	0
10:38:43	10831	4622	4054	0
10:39:44	10799	4622	4054	0
10:40:44	10799	4622	4054	0
10:41:44	13859	6422	5314	0
10:42:44	13859	6422	5314	0
10:43:44	9659	2238	5298	0
10:44:45	13219	5796	5300	0
10:45:46	10249	5798	2328	0
10:46:46	10343	5798	2422	0
10:47:47	9627	2238	5266	0
10:48:48	11999	4608	5268	0
10:49:49	12001	4610	5268	0
10:50:50	12001	4610	5268	0
10:51:50	9629	2238	5268	0
10:52:50	12675	5228	5324	0
10:53:50	9679	5228	2328	0
10:54:50	12547	5194	5230	0
10:55:50	12547	5194	5230	0
10:56:51	14437	7046	5268	0
10:57:52	14487	7096	5268	0
10:58:52	14487	7096	5268	0
10:59:53	11547	7096	2328	0
11:00:53	12087	4642	5322	0
11:01:53	12087	4642	5322	0
11:02:54	13161	4604	6434	0
11:03:54	13161	4604	6434	0
11:04:58	9055	4604	2328	0
11:05:59	10819	2238	6458	0
11:06:59	14965	6384	6458	0
11:07:59	14965	6384	6458	0
11:09:00	12529	6384	4022	0
11:10:00	12055	5856	4076	0
11:11:00	10309	5858	2328	0
11:12:00	13259	7022	4114	0
11:13:00	13259	7022	4114	0
11:14:01	11473	7022	2328	0
11:15:06	6689	2238	2328	0
11:16:06	9647	2238	5286	0
11:17:07	13313	5902	5288	0
11:18:07	13313	5902	5288	0
11:19:08	10353	5902	2328	0
11:20:09	15599	5902	7574	0
11:21:09	11983	2238	7622	0
11:22:10	16179	6434	7622	0
11:23:10	16181	6436	7622	0
11:24:10	15007	6436	6448	0
11:25:10	14435	5864	6448	0
11:26:10	13261	5864	5274	0
11:27:10	13291	5892	5276	0
11:28:10	14461	5892	6446	0
11:29:11	14461	5892	6446	0
11:30:12	10807	2238	6446	0
11:31:12	15015	6446	6446	0
11:32:12	15105	6446	6536	0
11:33:12	10897	2238	6536	0
11:34:12	13781	6476	5182	0
11:35:13	9599	2238	5238	0
11:36:13	10355	5904	2328	0
11:37:13	12101	5904	4074	0
11:38:14	12101	5904	4074	0
11:39:15	8435	2238	4074	0
11:40:15	12577	6494	3960	0
11:41:15	13859	6494	5242	0
11:42:15	9653	5170	2328	0
11:43:15	12533	5170	5240	0
11:44:16	9601	2238	5240	0
11:45:16	11435	5248	4064	0
11:46:17	11435	5248	4064	0
11:47:18	11435	5248	4064	0
11:48:19	8425	2238	4064	0
11:49:19	6689	2238	2328	0
11:50:20	12625	5220	5282	0
11:51:20	12625	5220	5282	0
11:52:21	12625	5220	5282	0
11:53:21	12625	5220	5282	0
11:54:22	6689	2238	2328	0
11:55:22	10813	4644	4046	0
11:56:22	10813	4644	4046	0
11:57:23	6689	2238	2328	0
11:58:23	14369	5884	6362	0
11:59:23	14369	5884	6362	0
12:00:24	6689	2238	2328	0
12:01:25	15533	7002	6408	0
12:02:25	15583	7052	6408	0
12:03:25	15585	7054	6408	0
12:04:26	6689	2238	2328	0
12:05:26	10735	4598	4014	0
12:06:26	10735	4598	4014	0
12:07:26	6689	2238	2328	0
12:08:27	14239	5760	6356	0
12:09:27	14239	5760	6356	0
12:10:28	14239	5760	6356	0
12:11:28	6689	2238	2328	0
12:12:28	13193	5834	5236	0
12:13:28	13193	5834	5236	0
12:14:28	13573	5182	6268	0
12:15:28	13573	5182	6268	0
12:16:29	13607	5184	6268	0
12:17:30	6689	2238	2328	0
12:18:31	13083	5768	5192	0
12:19:31	13131	5816	5192	0
12:20:31	13133	5818	5192	0
12:21:32	13133	5818	5192	0
12:22:32	6753	2306	2328	0
12:23:32	13167	5902	5142	0
12:24:32	13167	5902	5142	0
12:25:33	13749	7636	3990	0
12:26:33	13751	7638	3990	0
12:27:33	13751	7638	3990	0
12:28:34	6689	2238	2328	0
12:29:35	11899	5780	3996	0
12:30:35	11949	5830	3996	0
12:31:36	11949	5830	3996	0
12:32:36	11949	5830	3996	0
12:33:39	6689	2238	2328	0
12:34:39	6689	2238	2328	0
12:35:40	13651	5218	6310	0
12:36:41	13651	5218	6310	0
12:37:41	13651	5218	6310	0
12:38:41	8289	2238	3928	0
12:39:41	12515	5252	5140	0
12:40:41	12515	5252	5140	0
12:41:42	12897	4620	6154	0
12:42:42	12897	4620	6154	0
12:43:42	12897	4620	6154	0
12:44:47	9071	4620	2328	0
12:45:47	6863	2238	2508	0
12:46:48	13655	6498	5034	0
12:47:49	13655	6498	5034	0
12:48:49	10949	6498	2328	0
12:49:49	11841	4664	5054	0
12:50:49	11841	4664	5054	0
12:51:49	9371	2238	5010	0
12:52:49	11795	4660	5012	0
12:53:50	11795	4660	5012	0
12:54:50	9111	4660	2328	0
12:55:51	9441	2238	5080	0
12:56:52	14311	7066	5122	0
12:57:52	14311	7066	5122	0
12:58:53	14311	7066	5122	0
12:59:54	11517	7066	2328	0
13:00:55	6689	2238	2328	0
13:01:55	11231	5228	3880	0
13:02:55	11231	5228	3880	0
13:03:56	12517	6430	3964	0
13:04:56	12563	6476	3964	0
13:05:57	6737	2238	2408	0
13:06:57	14727	6412	6192	0
13:07:58	14727	6412	6192	0
13:08:58	14727	6412	6192	0
13:09:59	14727	6412	2328	0
13:11:00	6917	2238	2560	0
13:12:00	12397	5212	5062	0
13:13:01	12397	5212	5062	0
13:14:02	12397	5212	5062	0
13:15:08	6689	2238	2328	0
13:16:09	6689	2238	2328	0
13:17:09	13051	5888	5040	0
13:18:09	13051	5888	5040	0
13:19:11	9401	2238	5040	0
13:20:11	14175	6988	5064	0
13:21:11	14175	6988	5064	0
13:22:12	6689	2238	2328	0
13:23:12	10769	4676	3970	0
13:24:13	10769	4676	3970	0
13:25:13	10769	4676	3970	0
13:26:16	6689	2238	2328	0
13:27:17	6689	2238	2328	0
13:28:18	11947	5846	3978	0
13:29:18	11947	5846	3978	0
13:30:19	11949	5848	3978	0
13:31:19	4361	2238	0	0
13:32:19	6825	4702	0	0
13:33:19	3541	0	0	1418
13:34:20	5813	0	0	3690
13:35:20	6317	0	0	4194
13:36:21	6317	0	0	4194
13:37:21	4425	0	0	2302
13:38:23	4555	0	0	2436
13:39:24	7161	0	0	5038
13:40:25	7163	0	0	5040
13:41:26	7163	0	0	5040
13:42:27	7163	0	0	5040
13:43:28	4425	0	0	2302
13:44:30	4457	0	0	2302
13:45:31	4481	0	0	2370
13:46:32	6501	0	0	4378
13:47:32	6501	0	0	4378
13:48:32	4425	0	0	2302
13:49:33	8153	0	0	6030
13:50:33	8153	0	0	6030
13:51:34	8153	0	0	6030
13:52:35	4425	0	0	2302
13:53:36	4479	0	0	2364
13:54:36	8251	0	0	6128
13:55:36	6565	0	0	4442
13:56:36	6565	0	0	4442
13:57:36	7613	0	0	5490
13:58:36	5737	0	0	3614
13:59:37	5791	0	0	3668
14:00:37	4425	0	0	2302
14:01:37	7815	0	0	5692
14:02:38	7815	0	0	5692
14:03:39	7815	0	0	5692
14:04:39	4425	0	0	2302
14:05:40	4563	0	0	2440
14:06:40	6927	0	0	4804
14:07:45	6927	0	0	4804
14:08:45	6923	0	0	4800
14:09:45	6923	0	0	4800
14:10:46	5931	0	0	3808
14:11:46	4425	0	0	2302
14:12:46	8247	0	0	6124
14:13:47	8357	0	0	6202
14:14:47	8325	0	0	6202
14:15:47	8325	0	0	6202
14:16:48	4425	0	0	2302
14:17:49	7153	0	0	5030
14:18:49	7153	0	0	5030
14:19:50	7153	0	0	5030
14:20:51	4425	0	0	2302
14:21:51	8443	0	0	6320
14:22:51	7171	0	0	5048
14:23:51	7253	0	0	5130
14:24:52	7251	0	0	5128
14:25:52	4425	0	0	2302
14:26:53	7337	0	0	5214
14:27:53	7337	0	0	5214
14:28:54	4425	0	0	2302
14:29:54	7341	0	0	5218
14:30:55	7341	0	0	5218
14:31:55	7341	0	0	5218
14:32:56	4425	0	0	2302
14:33:56	8587	0	0	6464
14:34:56	8589	0	0	6466
14:35:56	7423	0	0	5300
14:36:57	4425	0	0	2302
14:37:57	6191	0	0	4068
14:38:57	7383	0	0	5260
14:39:58	7453	0	0	5330
14:41:00	4425	0	0	2302
14:42:01	4425	0	0	2302
14:43:01	7397	0	0	5274
14:44:02	7397	0	0	5274
14:45:03	4425	0	0	2302
14:46:03	4425	0	0	2302
14:47:04	7455	0	0	5332
14:48:04	4425	0	0	2302
14:49:04	7459	0	0	5336
14:50:04	7501	0	0	5378
14:51:04	7501	0	0	5378
14:52:04	6229	0	0	4106
14:53:05	6229	0	0	4106
14:54:06	4425	0	0	2302
14:55:06	7539	0	0	5416
14:56:07	7543	0	0	5420
14:57:07	7543	0	0	5420
14:58:08	4573	0	0	2462
14:59:08	7547	0	0	5424
15:00:08	7547	0	0	5424
15:01:08	6267	0	0	4144
15:02:08	4425	0	0	2302
15:03:09	7561	0	0	5438
15:04:09	6211	0	0	4088
15:05:09	6269	0	0	4146
15:06:10	6269	0	0	4146
15:07:10	6211	0	0	4088
15:08:11	6307	0	0	4152
15:09:11	6279	0	0	4156
15:10:12	4425	0	0	2302
15:11:12	8811	0	0	6688
15:12:13	8811	0	0	6688
15:13:13	8811	0	0	6688
15:14:13	7569	0	0	5414
15:15:14	4425	0	0	2302
15:16:14	8727	0	0	6604
15:17:14	8809	0	0	6686
15:18:14	8809	0	0	6686
15:19:14	4633	0	0	2510
15:20:15	6265	0	0	4142
15:21:15	6265	0	0	4142
15:22:16	4425	0	0	2302
15:23:16	4685	0	0	2538
15:24:16	6235	0	0	4112
15:25:17	6235	0	0	4112
15:26:18	4425	0	0	2302
15:27:18	4425	0	0	2302
15:28:18	8821	0	0	6698
15:29:18	7531	0	0	5408
15:30:19	7533	0	0	5410
15:31:19	6335	0	0	4180
15:32:19	4425	0	0	2302
15:33:19	7641	0	0	5518
15:34:20	7641	0	0	5518
15:35:21	4425	0	0	2302
15:36:21	7561	0	0	5438
15:37:22	7561	0	0	5438
15:38:26	7561	0	0	5438
15:39:26	4457	0	0	2302
15:40:27	7597	0	0	5474
15:41:27	7597	0	0	5474
15:42:28	4425	0	0	2302
15:43:28	8833	0	0	6710
15:44:28	8849	0	0	6726
15:45:28	8851	0	0	6728
15:46:28	6265	0	0	4142
15:47:29	6265	0	0	4142
15:48:30	4425	0	0	2302
15:49:30	8837	0	0	6714
15:50:31	8837	0	0	6714
15:51:31	8869	0	0	6714
15:52:32	4425	0	0	2302
15:53:32	6295	0	0	4172
15:54:33	6295	0	0	4172
15:55:34	6295	0	0	4172
15:56:34	4425	0	0	2302
15:57:35	8855	0	0	6732
15:58:35	4601	0	0	2488
15:59:35	6329	0	0	4174
16:00:35	10069	0	0	7946
16:01:35	10069	0	0	7946
16:02:36	7533	0	0	5410
16:03:36	7533	0	0	5410
16:04:36	7533	0	0	5410
16:05:37	7629	0	0	5506
16:06:37	7631	0	0	5508
16:07:38	7631	0	0	5508
16:08:38	4425	0	0	2302
16:09:38	7557	0	0	5434
16:10:39	7557	0	0	5434
16:11:39	8843	0	0	6720
16:12:39	8875	0	0	6720
16:13:39	7551	0	0	5428
16:14:39	4425	0	0	2302
16:15:40	7587	0	0	5464
16:16:40	4425	0	0	2302
16:17:41	4425	0	0	2302
16:18:42	8807	0	0	6684
16:19:42	8809	0	0	6686
16:20:43	4425	0	0	2302
16:21:43	6285	0	0	4162
16:22:44	6287	0	0	4164
16:23:48	4457	0	0	2302
16:24:49	4425	0	0	2302
16:25:49	7563	0	0	5440
16:26:49	7565	0	0	5442
16:27:50	6329	0	0	4206
16:28:50	4425	0	0	2302
16:29:50	7631	0	0	5508
16:30:50	7573	0	0	5450
16:31:51	7575	0	0	5452
16:32:51	7575	0	0	5452
16:33:52	4425	0	0	2302
16:34:52	10211	0	0	8088
16:35:53	10213	0	0	8090
16:36:55	4425	0	0	2302
16:37:56	4425	0	0	2302
16:38:56	8845	0	0	6722
16:39:57	8845	0	0	6722
16:40:57	7537	0	0	5414
16:41:57	7537	0	0	5414
16:42:57	7567	0	0	5444
16:43:57	4425	0	0	2302
16:44:57	7595	0	0	5472
16:45:58	7595	0	0	5472
16:46:59	4425	0	0	2302
16:47:59	7611	0	0	5488
16:48:59	7613	0	0	5490
16:50:01	7615	0	0	5492
16:51:02	6253	0	0	4130
16:52:02	6255	0	0	4132
16:53:02	6255	0	0	4132
16:54:03	4425	0	0	2302
16:55:03	7615	0	0	5492
16:56:03	4425	0	0	2302
16:57:04	7555	0	0	5432
16:58:04	8815	0	0	6660
16:59:04	8835	0	0	6712
17:00:04	8971	0	0	6816
17:01:05	8939	0	0	6816
17:02:10	8939	0	0	6816
17:03:10	7611	0	0	5456
17:04:11	7579	0	0	5456
17:05:11	7579	0	0	5456
17:06:12	4425	0	0	2302
17:07:13	7609	0	0	5486
17:08:13	7609	0	0	5486
17:09:14	7609	0	0	5486
17:10:14	7627	0	0	5504
17:11:15	7627	0	0	5504
17:12:15	7627	0	0	5504
17:13:15	10185	0	0	8030
17:14:15	4425	0	0	2302
17:15:15	7597	0	0	5474
17:16:15	6249	0	0	4126
17:17:16	4425	0	0	2302
17:18:17	8791	0	0	6668
17:19:17	8793	0	0	6670
17:20:18	8793	0	0	6670
17:21:19	4425	0	0	2302
17:22:19	6263	0	0	4140
17:23:20	6263	0	0	4140
17:24:21	4457	0	0	2302
17:25:21	4425	0	0	2302
17:26:22	7495	0	0	5372
17:27:22	7495	0	0	5372
17:28:22	6283	0	0	4160
17:29:22	4425	0	0	2302
17:30:22	7491	0	0	5368
17:31:22	7517	0	0	5394
17:32:23	7517	0	0	5394
17:33:28	4425	0	0	2302
17:34:28	7515	0	0	5392
17:35:29	7515	0	0	5392
17:36:29	7515	0	0	5392
17:37:29	4425	0	0	2302
17:38:30	7589	0	0	5466
17:39:30	7589	0	0	5466
17:40:35	4425	0	0	2302
17:41:36	4425	0	0	2302
17:42:36	6237	0	0	4114
17:43:36	6219	0	0	4144
17:44:37	6267	0	0	4144
17:45:37	7479	0	0	5356
17:46:37	4425	0	0	2302
17:47:37	7517	0	0	5394
17:48:38	7517	0	0	5394
17:49:38	4425	0	0	2302
17:50:38	7519	0	0	5396
17:51:39	7519	0	0	5396
17:52:40	7519	0	0	5396
17:53:40	4425	0	0	2302
17:54:40	8825	0	0	6702
17:55:41	8825	0	0	6702
17:56:41	4425	0	0	2302
17:57:42	10061	0	0	7938
17:58:42	10061	0	0	7938
